address,japanese,korean,length
0x00018F6D,伏弌丐,해독 불가,13
0x0001940A,ぇ凍瓊,해독 불가,13
0x00019534,獻獗睾,해독 불가,13
0x0001A009,笋悍圀,해독 불가,13
0x0001BA08,殺殺濃,해독 불가,13
0x0001BD89,脾蹴歟,해독 불가,13
0x0001C186,博詩嚊,해독 불가,13
0x0001D9F0,刧丁藷,해독 불가,13
0x0001E332,霜ぞｐ,해독 불가,13
0x0001E530,瞰肓顱,해독 불가,13
0x0001EA89,怨誌認,해독 불가,13
0x0001EBEA,冐聶蒿,해독 불가,13
0x0001ED1E,耄せ驕,해독 불가,13
0x0001EF22,庶麹瑞,해독 불가,13
0x0001F89B,蒹聢賎,해독 불가,13
0x0001F8B1,憑齲ぜ,해독 불가,13
0x0001FAD6,碎蠍せ,해독 불가,13
0x00020738,宋閤諢,해독 불가,13
0x00020CC3,螺嚼諭,해독 불가,13
0x0002123B,似貢せ,해독 불가,13
0x0009DDD5,韈韋蓆,해독 불가,13
0x0009E46B,鱶韆襁,해독 불가,13
0x0009E482,矣鴃蓆,해독 불가,13
0x0009EC1D,跖袍胛,해독 불가,13
0x0009F2B1,裔矍銹,해독 불가,13
0x0009F302,鞜琅銖,해독 불가,13
0x000A14F5,鱸鳬韜,해독 불가,13
0x000A4C48,豸枚尚,해독 불가,13
0x000A4FBD,鮟嚶糞,해독 불가,13
0x000A5004,箙恊隆,해독 불가,13
0x000A6219,梺荘岫,해독 불가,13
0x000A7100,琅韈鴟,해독 불가,13
0x000A7943,琅肄頏,해독 불가,13
0x000A854E,珞粢銕,해독 불가,13
0x000A8A00,投鰹勸,해독 불가,13
0x000A8C47,豼搴治,해독 불가,13
0x000A9CD8,郛搶崕,해독 불가,13
0x000AAEC3,嚮ヤ拳,해독 불가,13
0x000AB29B,尅旧硲,해독 불가,13
0x000AB33D,嚴滑頗,해독 불가,13
0x000C76C7,逗÷脅,판독 불가,13
0x000C76FA,逗÷特,판독 불가,13
0x000C8AC9,糴粃瞑,판독 불가,13
0x000C8B41,瞼瑣趁,판독 불가,13
0x000C8D45,鰾裲糘,판독 불가,13
0x000C8D55,莽褫跣,판독 불가,13
0x000C9742,粮袙鴒,판독 불가,13
0x000C9888,趁裄糲,판독 불가,13
0x000C9C84,襃趁錮,판독 불가,13
0x000C9CFF,韋裄跚,판독 불가,13
0x000CA4A6,耜銖瞿,판독 불가,13
0x000CA7BF,袱肚跚,판독 불가,13
0x000CA956,葢粳裙,판독 불가,13
0x000CAA21,粡肆鉞,판독 불가,13
0x000CAAED,跋蓙釟,판독 불가,13
0x000CABB9,跏蓍猴,판독 불가,13
0x000CAF6B,珞韆琲,판독 불가,13
0x000CB038,鴃贖蕘,판독 불가,13
0x000CB341,趺粫籏,판독 불가,13
0x000CB606,跟蓊肭,판독 불가,13
0x000FEBB2,紫増朕,해독 불가,13
0x000FED1F,椦悃墫,해독 불가,13
0x000FF259,蟒簓跣,해독 불가,13
0x000FF3C2,簟飜褫,해독 불가,13
0x000FFABE,襃韈蔔,해독 불가,13
0x000FFFE6,跚蓖踝,해독 불가,13
0x00100B70,脛葩蒡,해독 불가,13
0x00100C33,萬靨蓿,해독 불가,13
0x00100D2C,肚跪腋,해독 불가,13
0x001016B9,鈑蓁碎,해독 불가,13
0x00101C36,蔘籬蓆,해독 불가,13
0x001028BE,趺裘跖,해독 불가,13
0x00104284,聒肓粨,해독 불가,13
0x00104BEF,耡鞴趙,해독 불가,13
0x00105FB3,磑釵褓,해독 불가,13
0x001063E6,蔬袗聘,해독 불가,13
0x0010674F,褌韋鰤,해독 불가,13
0x00106900,粤鱠瞽,해독 불가,13
0x00106C70,聽矮跼,해독 불가,13
0x00107F93,鈞鞳礦,해독 불가,13
0x001739A2,瞠珸蒹蒟裹裹裹跚鴈,[깨진 문자열],18
0x0019ED8A,鱚砒鴪,판독 불가,13
0x0019EDF0,鱚砒鴪,판독 불가,13
0x001A37C0,睿褄瞻,판독 불가,13
0x001A540A,袱齏鴈,판독 불가,13
0x001A54B6,砌鉗鵄,판독 불가,13
0x001A5805,猖岾襄,판독 불가,13
0x001A92F9,慫莊筈,판독 불가,13
0x001A93C4,沺撓嵐詞賜蘭緒麿劔,[깨진 문자열],18
0x001A94E2,泅又註潔且蒼綜助悖,[깨진 문자열],18
0x001BA919,猿訣麹麹麹訣訣訣訣,[깨진 문자열],18
0x001BB082,克去訣訣訣訣訣訣示,[깨진 문자열],18
0x001BBCB6,桃訣訣訣訣訣訣兼敖,[깨진 문자열],18
0x00237632,恣級опャхｊ泊徐,[깨진 문자열],18
0x0024520D,裙珞鴆,판독 불가,13
0x0024560B,鱠矣銹,판독 불가,13
0x00246C43,珀珥矜粃聹葢裘趙鞜,[깨진 문자열],18
0x00246FBC,悴撈掠,판독 불가,13
0x0024755D,默靫鯰,판독 불가,13
0x0025043D,汨誌┬,판독 불가,13
0x0025069E,тхъ,판독 불가,13
0x002506E7,鈕胙霾,판독 불가,13
0x00250BAC,洛潟葵,판독 불가,13
0x00250BED,煤亜沐,판독 불가,13
0x00250C52,嚮麹蒼,판독 불가,13
0x00250C70,嚮壕區,판독 불가,13
0x00250C9A,羅悒圄,판독 불가,13
0x00250D9B,狽♀尚,판독 불가,13
0x00250E65,椨唐沽,판독 불가,13
0x00251117,矍蔬聒,판독 불가,13
0x0025225C,вＵУ,판독 불가,13
0x00252290,вＵУ,판독 불가,13
0x00253171,¨¨∪,판독 불가,13
0x00253181,ヽヽ∪,판독 불가,13
0x00253290,、だ,판독 불가,13
0x002536C5,¨¨∪,판독 불가,13
0x002536D5,ヽヽ∪,판독 불가,13
0x002537E4,、だ,판독 불가,13
0x0025439E,＼〜｜,판독 불가,13
0x0025455C,￣「｀,해독 불가,13
0x002555FC,ａａｂ,해독 불가,13
0x00255EE0,υυυ,해독 불가,13
0x00255EEF,υυΧ,해독 불가,13
0x00256253,俔俔俔,해독 불가,13
0x00256261,俔俔俔,해독 불가,13
0x00256787,ヽ´・,해독 불가,13
0x00256A77,俚俚虎,해독 불가,13
0x00256A8D,虎俚虎,해독 불가,13
0x00256AAA,虎俚虎,해독 불가,13
0x0025711E,粂靴元,판독 불가,13
0x00257264,？・,판독 불가,13
0x0025736F,？・,판독 불가,13
0x002576C1,А于,판독 불가,13
0x002578BA,易易安,판독 불가,13
0x002578CA,虎衣,판독 불가,13
0x0025796B,飆賃,판독 불가,13
0x00257A48,『」∪,판독 불가,13
0x00257A5F,『）∪,판독 불가,13
0x00257A68,〃！∪,판독 불가,13
0x00257A8D,．・∪,판독 불가,13
0x00257A96,；？∪,판독 불가,13
0x00257A9F,゛゜∪,판독 불가,13
0x00257AA8,｀¨∪,판독 불가,13
0x00257AB1,￣＿∪,판독 불가,13
0x00257ABA,ヾ＿∪,판독 불가,13
0x00257AC3,＾¨∪,판독 불가,13
0x00257AD3,゛！∪,판독 불가,13
0x00257ADC,；：∪,판독 불가,13
0x00257AE5,．　∪,판독 불가,13
0x00257B5C,…〉±,판독 불가,13
0x00257BAE,《‥∪,판독 불가,13
0x00257BE4,《」∪,판독 불가,13
0x00257C1B,］〉∪,판독 불가,13
0x00257C24,｛“∪,판독 불가,13
0x00257C2D,仝　∪,판독 불가,13
0x00257C67,＾　∪,판독 불가,13
0x00257C88,！〃∪,판독 불가,13
0x00257C93,＿´∪,판독 불가,13
0x00257CC0,、、∪,판독 불가,13
0x00257CC9,、、∪,판독 불가,13
0x00257CD2,、、∪,판독 불가,13
0x00257CDB,、、∪,판독 불가,13
0x00257EBB,，，∪,판독 불가,13
0x00257EC4,。。∪,판독 불가,13
0x00258021,，・∪,판독 불가,13
0x0025802A,＿〃∪,판독 불가,13
0x00258033,＼‥∪,해독 불가,13
0x0025803C,〔｛∪,해독 불가,13
0x0025804C,＋−∪,해독 불가,13
0x00258094,−＋∪,해독 불가,13
0x0025809D,」《∪,해독 불가,13
0x002580AD,‥〇∪,해독 불가,13
0x002580B6,¨？∪,해독 불가,13
0x00258D59,゛゜∪,판독 불가,13
0x00258D62,｀¨∪,판독 불가,13
0x00258D6B,￣＿∪,판독 불가,13
0x00258D74,ヾ＿∪,판독 불가,13
0x00258D7D,＾¨∪,판독 불가,13
0x00258D8D,゛！∪,판독 불가,13
0x00258D96,；：∪,판독 불가,13
0x00258D9F,．　∪,판독 불가,13
0x00258E16,…〉±,판독 불가,13
0x00258E69,《‥∪,판독 불가,13
0x00258E9F,《」∪,판독 불가,13
0x00258ED6,］〉∪,판독 불가,13
0x00258EDF,｛“∪,판독 불가,13
0x00258EE8,仝　∪,판독 불가,13
0x00258F22,＾　∪,판독 불가,13
0x00258F43,！〃∪,판독 불가,13
0x00258F4E,＿´∪,판독 불가,13
0x0025C696,、，，・：．，、　，。、。．・・．。、　Б。．・・．。、,해독 불가,13
0x0026F80A,エτゴ,판독 불가,13
0x0026F81A,エτゴ,판독 불가,13
0x0026F824,エτダ,판독 불가,13
0x0026F834,エτダ,판독 불가,13
0x002727D5,τττττττττカ,판독 불가,13
0x002727F9,τττττττカτオτカτエτττェτττウτィτアτィτ,해독 불가,13
0x00272851,τττττττττカ,판독 불가,13
0x0027D123,アゥェォカギグゲゴシスセソダヂツデドニネバヒピブベホポ,해독 불가,13
0x0035D61A,色宇В,판독 불가,13
0x0035D736,色宇В,판독 불가,13
0x0035D7F2,色宇В,판독 불가,13
0x0035D8A2,色宇В,판독 불가,13
0x0039F8D1,琶恍卮,해독 불가,13
0x0039FF7C,万殳函,해독 불가,13
0x003BB366,鴇恙匸,해독 불가,13
0x003BB4E6,鴇恙匸,해독 불가,13
0x003C1D0E,駅聾琳,해독 불가,13
0x003C606E,僮派僭,해독 불가,13
0x003C6E25,葵肘葵,해독 불가,13
0x003D1345,毎汚沿,해독 불가,13
0x00444D13,劔劔劔劔劔劔劔劔劔劔,판독 불가,13
0x00444D54,劔劔劔劔劔劔劔劔劔劔,판독 불가,13
0x004A0B3A,晦鵙晒,의미 불명,13
0x004A0F62,れ檜隷,의미 불명,13
0x004A2A97,泗辧淹,의미 불명,13
0x004A51AA,架懸仆,의미 불명,13
0x004A51E4,岔崋飭,의미 불명,13
0x004A5594,慘桓弧,의미 불명,13
0x004A5877,渇蓑竃,의미 불명,13
0x004A6360,穐匱卿,의미 불명,13
0x004A6451,慄忱慄,의미 불명,13
0x004A80B0,冓囮劔,의미 불명,13
0x004A93AC,剽雄幌,의미 불명,13
0x004A952A,忱惧凉,의미 불명,13
0x004C17E1,層僖肺,판독 불가,13
0x004C1B7B,賢鄒騰,판독 불가,13
0x004C2AF4,滑桓街,판독 불가,13
0x004C34C8,悃伊彷,판독 불가,13
0x004C38E3,嘩壕絢,판독 불가,13
0x004C432A,們音叺,판독 불가,13
0x004C455B,嚮−養,판독 불가,13
0x004C556B,減棺下,판독 불가,13
0x004C65D8,劔駅刪,판독 불가,13
0x004C6612,蕗吏葺,판독 불가,13
0x004C7172,鯰惓咀,판독 불가,13
0x004C72E6,岌叺壥,판독 불가,13
0x004C7588,齷囹圷,판독 불가,13
0x004C995F,透φ磆,판독 불가,13
0x004CF8BC,手闊手闊樣髯樣髯樣髯,판독 불가,13
0x004D56F7,蘓髷蘓,판독 불가,13
0x004DAA73,旧克署,판독 불가,13
0x004DC2D2,儕啀娜,판독 불가,13
0x004DC2DB,抉霸蘖,판독 불가,13
0x004DC450,娠善宙,판독 불가,13
0x004DE0D5,咳輝訓,판독 불가,13
0x0052CFEE,褓活鷙,판독 불가,13
0x0052E21C,茗鵐茯,판독 불가,13
0x0052EA6D,吩棘鵐,판독 불가,13
0x0052EDC5,悠囮嶂,판독 불가,13
0x0052F0C7,法諭蓮,판독 불가,13
0x0052F180,紂隋褞,판독 불가,13
0x0052F189,蹇錙顱,판독 불가,13
0x0052F25D,繊羨腺,판독 불가,13
0x0052F295,糎噌塑,판독 불가,13
0x0052F2CE,僧創続,판독 불가,13
0x0052F312,尉禾干,판독 불가,13
0x0052F31B,佼朔竺,판독 불가,13
0x0052F32E,斑蔽銘,판독 불가,13
0x0052F337,价卉壯,판독 불가,13
0x0052F340,慯昵榱,판독 불가,13
0x0052F388,眈眇眄,판독 불가,13
0x0052F3DC,瑰碵糂,판독 불가,13
0x005422AD,剩棚僮,판독 불가,13
0x00542D65,毎漠鉛,판독 불가,13
0x00543C67,ｄＺ翌,판독 불가,13
0x005DA256,粐蓙鉗鳬鳬鳧韈鉗粐珎,판독 불가,13
0x0072CA7C,泅濫註緒緒瑞樗楓履泙,판독 불가,13
0x0072CB91,剩鋳錘轟訣緒署瀦吏悄,판독 불가,13
0x0072CBF4,恫柏詩詩活且随嵩侭屓,판독 불가,13
0x007386AB,荘聡柱麹国鱒蒼貯囗洶,판독 불가,13
0x0073B913,尅訣訣麹麹麹麹麹麹麹麹麹麹麹麹麹麹麹麹麹麹麹麹麹訣訣訣訣圏,해독 불가,13
0x0073BFA2,牛訣訣訣訣訣訣訣血鯛,판독 불가,13
0x0073BFCB,且訣訣訣訣血麹屆,판독 불가,13
0x0073D2F3,囈伯轟轟轟轟轟轟轟轟轟轟轟轟轟轟轟轟轟轟轟轟轟轟轟麹蔓,해독 불가,13
0x0073D3EB,剌訣訣訣訣訣訣倦,판독 불가,13
0x0073E6FC,雷轟轟轟轟轟轟轟轟轟轟轟麹麹麹麹麹麹麹麹麹麹訣訣訣訣訣訣訣轟澄,해독 불가,13
0x0073F404,轢膚宙翠所所暑視至所,판독 불가,13
0x0073FA77,叶縁鰹兜居阜轟轟麹怛,판독 불가,13
0x00748D05,攪滑ム÷÷私ｓ墅,판독 불가,13
0x00748DDF,÷÷÷ロ悼決去ц腰密,판독 불가,13
0x0076FB29,砌肆粐鞴蒻鳬韭鉅,판독 불가,13
0x007906D0,淦拳阜囁血血盗椨,판독 불가,13
0x00794E36,倹牛血緒随据獄菅,판독 불가,13
0x00798C1E,劒劒劒劔劔劔劔劔劔劔劔劔劔劔劔劔劔劔劔劔劔劔劔劔劔劔劔劔囹圄,해독 불가,13
0x0079902E,劒劔劔囮囮囗悚圈,판독 불가,13
0x007AA4CF,椌尹剽覧覧吏圀撼,판독 불가,13
0x007AA620,撓剽蘭覧覧劒屎棕,판독 불가,13
0x007BA507,囁窮р＝≠ｂａ÷,판독 불가,13
0x007D692B,仝〃ゞ５ヾ＿￣∪,판독 불가,13
0x007D6E7F,仝〃ゞ５ヾ＿￣∪,판독 불가,13
0x007D81B8,〜…“］〈「』−,판독 불가,13
0x007D83CE,〕）”’‥｜〜／,판독 불가,13
0x007D93BF,υυυ菖υυυ衝,판독 불가,13
0x007DB6AA,ァゥ　．，，，。,판독 불가,13
0x007DC5C2,¨´：。　汽々∪,판독 불가,13
0x007DCF54,鼓鼓鼓鼓鼓鼓鼓原,판독 불가,13
0x007E0382,ァケァケァケァ織,판독 불가,13
0x007ECC56,鼓鼓鼓鼓鼓鼓鼓原,깨진 문자열,16
0x007F32C1,顧顧顧顧顧顧顧原,깨진 문자열,16
0x007F60F1,τカτオτカτウτττゥτττイτアτァτアτィτζ,해독 불가,13
0x007F65DE,顧顧顧顧顧顧顧原,깨진 문자열,16
0x0080089B,アゥェォカギグゲゴシスセソダヂツデドニネバヒピブベホポ,해독 불가,13
0x008A298C,劔勦劔勦劔凉劔凉,깨진 문자열,16
0x008A47CC,劔飭劔勦劔凉劔凉,깨진 문자열,16
0x008A64D8,劔勦劔勦劔凉劔凉,깨진 문자열,16
0x008A82A8,劔勦劔勦劔凉劔凉,깨진 문자열,16
0x008AAF18,劔凉劔劔劔劔劔劔,깨진 문자열,16
0x008AAF98,劔劔劔劔劔劔劔劔,깨진 문자열,16
0x008AAFBC,劔勦劔劔劔劔劔劔,깨진 문자열,16
0x008AC8D0,劔劔劔劔劔劔劔劔,깨진 문자열,16
0x008AFA80,劔劔劔劔劔劔劔劔,깨진 문자열,16
0x008B31D0,囮劵活哀活哀活哀,깨진 문자열,16
0x008ED57C,劔劔劔劔劔劔劔劔,깨진 문자열,16
0x008F0124,劔勦劔勦劔凉劔凉,깨진 문자열,16
0x009412A1,沓掘靴沓掘靴沓掘,깨진 문자열,16
0x00BC2191,劔剪劔劔劔劔劔劔,판독 불가,13
0x00BC2D91,劔儚劔剳劔劔劔劔,판독 불가,13
0x00C2BB0C,劔劔劔劔囮劔囮劔,판독 불가,13
0x00C502B6,ａ＝＝＝＝＝＝硫,판독 불가,13
0x00C5048D,泓葬国泊葬窓株勍,판독 불가,13
0x00C59739,囁拷健燈博給穀妛,판독 불가,13
0x00C9AD65,沮惧惧惧惧惧惧悵,판독 불가,13
0x00CBC716,沱悍囹劍末封粕惆,판독 불가,13
0x00CBDEFC,泝濫聡詩誌蒼繭洟,판독 불가,13
0x00CBE095,攪葡錘轟克崇蕗擇,판독 불가,13
0x00CBE163,撕亦錘詩誌蒼繭洟,판독 불가,13
0x00CBE22F,泅俣随轟訣書迫屏,판독 불가,13
0x00CBE2FD,椢欄聡詩試崇蕗擇,판독 불가,13
0x00CBE3CA,恫白庶轟克崇蕗椒,판독 불가,13
0x00D64C9F,仝〃ゞ５ヾ＿￣∪,판독 불가,13
0x00D65FD8,〜…“］〈「』−,판독 불가,13
0x00D741EA,鼓鼓鼓鼓鼓鼓鹸,의미 불명,13
0x00D7462F,繰栗隈繰栗隈誤,의미 불명,13
0x00D746F6,￣〇／”〕」＋,의미 불명,13
0x00D74706,謁〉…―¨；,의미 불명,13
0x00D74F03,繰栗隈繰栗隈誤,의미 불명,13
0x00D74FCB,￣〇／”〕」＋,의미 불명,13
0x00D74FDB,謁〉…―¨；,의미 불명,13
0x00D7BFD2,゛ヽ￣¨、．∪,의미 불명,13
0x00E88C50,劔劔劔劔劔劔劔劔,[깨진 문자열],18
0x00E8A524,劔劔劔劔劔劔劔劔,[깨진 문자열],18
0x00E8A548,劔勦劔劔劔劔劔劔畿,깨진 문자열,16
0x00E8BE00,劔劔劔劔劔劔劔劔,[깨진 문자열],18
0x00E8F550,囮劵活哀活哀活哀,[깨진 문자열],18
