address	text
0x00804FD4	0123456789 튜토리얼 캠페인 트라이얼 프리배틀 로드숍 지도편집 통신 처음부터 계속 대전
0x00805B04	도움말자료 전체지도 파일로드 저장이름 종료클리어 바다평지 산숲칠 정보자동
0x009292A0	암초해
0x00929398	통신4
0x009293A4	통신3
0x009293B0	통신2
0x009293BC	통신1
0x00929508	공격기
0x00929538	대공자주포
0x00929544	열차포
0x00929560	보급차
0x00929568	신형전차
0x0092958C	중전차
0x0092959C	전투공병
0x00929674	항복
0x00929820	보낼 지도를 골라요!
0x009298A4	친구들이 모이면 시작 버튼 눌러줘!
0x009298D4	참전 등록 중. 잠시만 기다려!
0x0094298C	레드스타 패배. 타군 항복도 패배. 정말? 종료 공격 합류 대기 시스템
0x00942A44	대기공격합류항복종료닫기시스템
0x00961F28	암초해
0x00962020	통신4
0x0096202C	통신3
0x00962038	통신2
0x00962044	통신1
0x00962190	공격기
0x009621C0	대공자주포
0x009621CC	열차포
0x009621E8	보급차
0x009621F0	신형전차
0x00962214	중전차
0x00962224	전투공병
0x009622FC	항복
0x009624B8	보낼 지도를 골라요!
0x0096253C	친구들이 모이면 시작 버튼 눌러줘!
0x0097AE40	레드스타 패배. 타군 항복도 패배. 정말? 종료 공격 합류 대기 시스템
0x0097AEF8	대기공격합류항복종료닫기시스템
0x0099A7CC	암초해
0x0099A8C4	통신4
0x0099A8D0	통신3
0x0099A8DC	통신2
0x0099A8E8	통신1
0x0099AA34	공격기
0x0099AA64	대공자주포
0x0099AA70	열차포
0x0099AA8C	보급차
0x0099AA94	신형전차
0x0099AAB8	중전차
0x0099AAC8	전투공병
0x0099ABA0	항복
0x0099AD5C	보낼 지도를 골라요!
0x0099AD78	지도　보낼　상대없어
0x0099ADE0	친구들이 모이면 시작 버튼 눌러줘!
0x009B1FF9	정말 항복할래
0x009B36E4	레드스타 패배. 타군 항복도 패배. 정말? 종료 공격 합류 대기 시스템
0x009D3070	암초해
0x009D3168	통신4
0x009D3174	통신3
0x009D3180	통신2
0x009D318C	통신1
0x009D32D8	공격기
0x009D3308	대공자주포
0x009D3314	열차포
0x009D3330	보급차
0x009D3338	신형전차
0x009D335C	중전차
0x009D336C	전투공병
0x009D3444	항복
0x009D3570	맵 수신 중 기다려
0x009D3600	보낼 지도를 골라요!
0x009D3684	친구들이 모이면 시작 버튼 눌러줘!
0x009EBF88	레드스타 패배. 타군 항복도 패배. 정말? 종료 공격 합류 대기 시스템
0x009EC040	대기공격합류항복종료닫기설정
0x009EEF50	리셋
0x00A01970	워즈 월드의 대륙 하나,
0x00A01994	매크로 랜드.
0x00A019AB	이 땅에,
0x00A019BB	 침략자 블랙홀군의
0x00A019D4	손길이 뻗고 있었다
0x00A019F8	호크는 있나!
0x00A01A0C	여기에...
0x00A01A1A	헬보우즈 님.
0x00A01A2C	매크로 랜드 침공은,
0x00A01A46	어찌 됐나?
0x00A01A5C	각 사령관 모두,
0x00A01A70	공격 준비를 끝낸 참입니다.
0x00A01A94	목적은,
0x00A01A9D	알고 있겠지?
0x00A01AB0	매크로 랜드를
0x00A01AC1	워즈 월드 안에서
0x00A01ADE	블랙홀군 거점으로...
0x00A01B08	음.
0x00A01B0F	예전에 
0x00A01B18	나는 이
0x00A01B21	 별 안에서 전쟁을
0x00A01B3F	그 틈에 공략하려 했지만 실패했다.
0x00A01B68	코스모랜드에서도
0x00A01B7B	그랬다.
0x00A01B88	공격했지.
0x00A01B98	다신 실패없다
0x00A01BA9	이번엔 거점 건설,
0x00A01BBD	차근차근 공략하겠다.
0x00A01BD8	그러려면
0x00A01BE6	물자와 자금도 모아야 하지만...
0x00A01C10	그 점은,
0x00A01C1B	걱정 마.
0x00A01C2A	각 장군에게 명령했다.
0x00A01C49	점령지에서
0x00A01C59	곧 모일 것입니다.
0x00A01C78	기대한다.
0x00A01C88	네!
0x00A01C90	블랙홀 군의
0x00A01CA3	잔당을 격파하라!
0x00A01CB8	블랙홀 접근
0x00A01CD5	다리 방어전
0x00A01CF0	바다　사이로　대치한　양군
0x00A01D0D	정면　결전　시작
0x00A01D24	해상서 날아온 적 비행대!
0x00A01D41	육상부대 격파 가능할까!?
0x00A01D60	해상 작은 섬의 적 부대.
0x00A01D9C	갑자기 나타난 포대!
0x00A01DD0	산속 적 연구소.
0x00A01DE1	과연 제압 가능할까!?
0x00A01DFC	마침내　적　본거지　발견
0x00A01E15	자국을　되찾을까
0x00A01E30	블랙홀 접근
0x00A01E4D	다리 방어전
0x00A01E68	바다 너머 대치한 양군
0x00A01E83	정면　결전　시작
0x00A01E9C	갑자기 나타난 포대!
0x00A01EFC	육상　부대　없음
0x00A01F0F	해공 적을 전멸시켜
0x00A01F58	산속 연구소
0x00A01F67	과연 제압 가능할까!?
0x00A01F84	마침내　적　본거지　발견
0x00A01F9D	자국을　되찾을까
0x00A01FB8	기지를 적에게 넘기지 마
0x00A01FD5	아군이 확보해 발사!
0x00A01FF0	우뚝 솟은 적 요새.
0x00A02005	아스카의　공략　작전은
0x00A02020	고요한 해변
0x00A0202F	전투가 시작된다...
0x00A02048	마을　구출　키쿠치요
0x00A02063	적　신병기가　기다린다
0x00A020AC	갑작스런　제안
0x00A020BF	블랙홀군 속셈은...?
0x00A020E0	발견한 적 연구소
0x00A020F3	뜻밖의 아군은?
0x00A02110	결전의 때 왔다
0x00A02174	적　중전차대　접근
0x00A021C8	적 대형미사일의
0x00A021EC	이반을　덮친　강력한　공격
0x00A0220B	원군까지　버틸　수　있을까
0x00A0222C	기다리는 캐논 3대
0x00A02245	이　숲을　어찌　넘지
0x00A0225C	발견한 적 연구소
0x00A02288	결전의 때 왔다
0x00A022BC	해상에　나타난　요새
0x00A022E8	호크 공격에 몰린
0x00A0231C	수리하러　온　주력　전함
0x00A02354	스네이크 함정에 빠졌다
0x00A0236D	도미노 구출!
0x00A0237C	해군으로 압박하는 모프
0x00A02397	호크와 공중전. 승자는?
0x00A023B8	화산 옆으로 적 접근.
0x00A023EC	적　연구소를　점령
0x00A02401	신형전차　설계도　탈취
0x00A0247F	적 대형미사일 발사를 막아라!
0x00A024D9	 생각보다 강해서...
0x00A024F8	핑계 대지 마!
0x00A02580	침묵
0x00A025A9	피해가 계속 늘어!
0x00A025D9	남은 부대로 어떻게든 해.
0x00A02628	후,
0x00A0262F	큰 부대는 막아냈지만
0x00A02654	블랙홀 군은
0x00A0266B	성가신 상대야.
0x00A02684	사령!
0x00A026AE	이제 추격합니다
0x00A026C8	확인.
0x00A026D1	뒤는 내게 맡겨.
0x00A026F7	다친 데 없나
0x00A02713	료
0x00A0271E	갑자기 불러 
0x00A0272D	미안해
0x00A0275F	큰 부대는 정리됐어.
0x00A027C4	무슨 소리야
0x00A02816	사람을 이끄는 지휘관으론
0x00A02841	실전 경험은 부족해
0x00A028B8	빨간 유닛이 네 부대야
0x00A028E3	적군은
0x00A028EC	오른쪽 위 검은 유닛
0x00A02908	이번 목표는
0x00A0291F	적 본부 점령
0x00A02934	또는 적 전멸
0x00A02945	이 땅을 되찾는 거야
0x00A0295E	당하지 않게 조심해서
0x00A02982	진군하자!
0x00A029A4	바로 출발하자
0x00A029B8	서두르지 마
0x00A029CC	서둘러 가도
0x00A029E0	져 버리면 아무 소용없어
0x00A02A03	전투 전에
0x00A02A48	먼저
0x00A02A4F	유닛에 명령하려면
0x00A02A6E	커서를 써
0x00A02A7B	봐
0x00A02A86	십자 버튼으로 이동해
0x00A02AA3	그럼
0x00A02AAC	유닛에 명령을 내려보자
0x00A02ACF	원하는 유닛에 화살표를 맞춰
0x00A02AF5	결정해
0x00A02B08	선택한
0x00A02B11	종료는
0x00A02B1F	할 일이 없을 때
0x00A02B37	스스로 판단할 때의 명령이야
0x00A02B56	이걸 고르면
0x00A02B65	아군 행동이 끝나고
0x00A02B7D	적 차례가 돼
0x00A02B9A	지금은
0x00A02BAE	유닛에게 명령부터 내려
0x00A02BD4	보병이야
0x00A02BE4	전투력은 낮지만
0x00A02BFA	전투엔 꼭 필요한 유닛이야
0x00A02C2D	목표 기억하지?
0x00A02C60	적 전멸 또는
0x00A02C73	본부 점령이야
0x00A02C8C	잘 기억했네
0x00A02CA3	점령 가능한 건 
0x00A02CB6	보병 계열 유닛
0x00A02CCF	뿐이야
0x00A02CDB	물론
0x00A02CE6	보병도 포함돼
0x00A02D00	맞아!
0x00A02D0D	보병 없으면
0x00A02D2C	
0x00A02D33	점령 못 해
0x00A02D66	점령은
0x00A02D77	적군 중립 거점에서
0x00A02D92	할 수 있어
0x00A02DA3	거기로 가면
0x00A02DBF	점령 
0x00A02DC8	명령이 나와
0x00A02DE8	그럼
0x00A02DEF	다음은 유닛을 움직여 보자
0x00A02E13	 유닛 주위 색이 바뀌어 있지
0x00A02E44	이동 가능 범위야
0x00A02E7F	할 일 없을 땐
0x00A02E96	대기를
0x00A02E9F	골라
0x00A02EB0	그건 수송차야
0x00A02EC2	전투는 못 해
0x00A02ED3	
0x00A02F00	
0x00A02F0D	
0x00A02F23	
0x00A02F30	
0x00A02F60	
0x00A02F75	
0x00A02F88	보병을 수송차 위로
0x00A02FAA	탑승
0x00A02FB3	명령이 나와
0x00A02FD0	탑승한 유닛은
0x00A02FE5	하차
0x00A02FEE	명령으로
0x00A02FF9	내릴 수 있어
0x00A03010	이렇게 운반하면
0x00A03027	느린 보병도
0x00A03038	본부까지 금방 가
0x00A0306D	보병은 이동력 3이지만
0x00A03087	수송차는 6이나 되니까
0x00A030A9	
0x00A030E4	하차한 유닛은 그 자리서 대기하고,
0x00A0310F	이동 불가 지형엔 내릴 수 없어
0x00A03154	바다엔 내리지 마
0x00A0316B	빠질 수 있어
0x00A0317E	
0x00A03190	알았어
0x00A0319B	
0x00A031A8	
0x00A031CC	전투나 이동하면
0x00A031EE	
0x00A031F9	탄약
0x00A0320A	가 줄어
0x00A0321B	주포탄 없으면 공격
0x00A03244	약해
0x00A0324D	연료 없으면 못 움직여
0x00A0326E	수송차는
0x00A03277	　보급
0x00A03285	　주변에 있는
0x00A0329A	탄약 연료를 회복시켜
0x00A032C3	하루 시작엔 자동으로 보급
0x00A032EF	급할 땐
0x00A032F8	보급
0x00A03301	보급 명령을 쓰면 좋아
0x00A03332	수송차는 아군
0x00A03341	도와주는 유닛이네
0x00A03397	 유닛 주위 색이 바뀌어 있지
0x00A033BF	그건
0x00A033C8	이동 가능 범위야
0x00A03403	할 게 없을 땐
0x00A0341A	대기
0x00A03423	골라 줘
0x00A03434	범위를 잘 봐
0x00A03457	수송차는 산에 못 가
0x00A03493	이동 타입
0x00A034AE	지형 이동 비용과 제한이 달라
0x00A034D9	수송차 이동타입은
0x00A034EE	전차형
0x00A034FE	전차 타입은,
0x00A0350D	산이나 강엔 못 가
0x00A03528	이동 타입 확인은
0x00A03543	유닛 위에서
0x00A03552	정보 키
0x00A03564	눌러 봐
0x00A0357C	어떤 지형을 누가 지나는지
0x00A035BB	지형 위에서 정보 키
0x00A035D6	정보 키로 확인해
0x00A03624	종료
0x00A0362D	로 아군 행동을 끝내자
0x00A0364E	빈칸에서 결정하면
0x00A03689	맨 아래에 있는
0x00A0369A	종료
0x00A036AF	블랙홀군 행동으로 넘어가
0x00A03734	저기
0x00A037CE	억지로
0x00A03817	멋대로 두진 않겠어
0x00A03834	좋은 기세야
0x00A03842	믿고 있을게
0x00A0389C	직접공격
0x00A038BC	직접 공격은
0x00A038D1	적 옆까지
0x00A038DC	이동한 뒤,
0x00A038EB	공격하는 거야
0x00A03915	직접 공격은
0x00A03922	 적 옆에서 싸우니까
0x00A0393A	네가 공격한 뒤
0x00A0394D	꼭 적의
0x00A0395B	반격 받아
0x00A039BA	먼저 공격하는 편이 유리해!
0x00A039E4	그렇군
0x00A039ED	공격해서 적 체력을 줄이면
0x00A03A11	반격받아도 피해는 적어져
0x00A03A3A	그렇구나
0x00A03A46	선공 필승이네
0x00A03A5C	피해를 입으면
0x00A03A71	유닛 위에
0x00A03A80	남은 체력이 표시돼
0x00A03A9F	체력이 다 줄면
0x00A03AB2	그 유닛은 사라져
0x00A03ACD	그러니
0x00A03ADA	꼭 조심해
0x00A03AED	적 옆으로 가면
0x00A03B02	행동 메뉴에
0x00A03B16	공격
0x00A03B1F	명령이 나와
0x00A03B32	고른 뒤 대상을 정하면
0x00A03B5A	전투 시작
0x00A03B67	간단하지
0x00A03B78	응
0x00A03B7F	불타오른다
0x00A03B90	왼쪽에 검은 상태창이야
0x00A03BB1	이건
0x00A03BB8	상태창
0x00A03BCF	이라고 해
0x00A03BDA	하트 숫자는 체력
0x00A03BF2	탱크 숫자는 남은 연료
0x00A03C0F	주포 유닛이면
0x00A03C28	또
0x00A03C2F	남은 탄수도 표시돼
0x00A03C54	사령관은
0x00A03C67	유닛 상태를
0x00A03C7A	항상 확인해
0x00A03C9C	네 보병이
0x00A03CB1	점령 시작했어
0x00A03CC4	상태창을 봐
0x00A03CEC	깜빡이는 숫자는
0x00A03D09	거점 내구력이야
0x00A03D1C	이게 다 줄면
0x00A03D2F	거점이 아군 소유야
0x00A03D4A	체력 10 보병은
0x00A03D5D	한 번에 내구력을
0x00A03D72	10 줄일 수 있어
0x00A03D8D	다치지 않은 보병은
0x00A03DA6	이틀이면
0x00A03DB5	끝낼 수 있다는 거네
0x00A03DCC	점령 중 움직이거나 쓰러지면
0x00A03DF5	내구력이 원래대로 돌아가니까
0x00A03E14	조심해
0x00A03E30	점령 중 보병은
0x00A03E41	꼭 지킬 거야
0x00A03E61	점령 끝날 때까지
0x00A03E7B	점령
0x00A03E87	실행 잊지 마.
0x00A03EA4	레드스타 군이다
0x00A03EB8	전원 항복해라!
0x00A03ED1	잘해 줬어
0x00A03EF1	이 땅은 해방됐어
0x00A03F4C	이제부터
0x00A03F55	싫어도
0x00A04009	여러
0x00A04010	한 번 시험해 보려고...
0x00A04028	거짓말
0x00A04062	시간도 물자도 낭비야.
0x00A040E0	그중 「항복」을 고르면,
0x00A040FC	한번 더,
0x00A04107	처음부터 다시 해
0x00A0412B	다신 안해요
0x00A041C0	적에게 먼저 공격당할 수도 있으니,
0x00A041E7	적 사거리 앞에서 대기하고
0x00A0420F	적이 가까이 온 뒤
0x00A0426C	다음엔 내 진짜
0x00A04294	도미노 사령관
0x00A042AE	강 건너 적 부대 확인
0x00A042D4	정말?
0x00A042E0	이런 시골에
0x00A042FC	어떻게 할까요
0x00A0430E	다른 작전 중이지만 처리할까요
0x00A04334	맞아
0x00A0433D	국토 깊숙이 들어오면
0x00A04356	곤란하지
0x00A04368	좋은 판단
0x00A04376	역시
0x00A0437F	특수부대 대장답네
0x00A043A8	캐서린 사령!
0x00A043BA	어째서 여기 계세요?
0x00A043D4	레드스타를 습격한
0x00A043E9	사령관을 쫓아왔더니
0x00A04409	
0x00A04412	여긴
0x00A04419	네게 맡겨도 될까?
0x00A04438	네!
0x00A0443F	하지만
0x00A0444A	가능하면
0x00A04453	조언해 주시면 든든해요
0x00A04478	응
0x00A0447F	물론이야
0x00A0448E	그럼
0x00A04499	작전을 시작하자
0x00A044B4	콩그 님
0x00A044C0	보병대 근처에
0x00A044CF	레드스타 도시가 있습니다
0x00A044F4	뭐?
0x00A044FF	적 도시인가
0x00A0450E	점령은 귀찮지만
0x00A0452D	블랙홀 군 침공 작전 중
0x00A0454C	자금도 필요하지
0x00A0456D	챙길 수 있으면
0x00A0457E	챙겨 둔다
0x00A0458D	잘 들어
0x00A04596	본부든 도시든
0x00A045B8	거점 내구력은 20
0x00A045D1	체력 10 보병은
0x00A045E4	한 번에 내구력을
0x00A045F9	10 줄일 수 있어
0x00A04612	무사하면
0x00A0461D	이틀이면 점령 가능
0x00A04638	점령 중 움직이거나 쓰러지면
0x00A04661	내구력이 되돌아가
0x00A0467A	조심해라
0x00A04687	알았으면 출격이다
0x00A0469A	내 부대 힘을
0x00A046AD	보여 주마
0x00A046BC	콩그 님!
0x00A046C7	강너머
0x00A046CE	레드스타 부대가
0x00A046EC	뭐라고?
0x00A046F7	흥
0x00A046FE	별것도 아니군
0x00A04715	좋아
0x00A0471C	경전차대 출격
0x00A0472D	경전차라면
0x00A0473A	이동력 공격력 높아
0x00A04753	내 힘을 보이기 딱 좋다
0x00A04772	레드스타 사령 따윈
0x00A04794	몇이 오든
0x00A047A3	내가 쓸어 버리겠다
0x00A047C0	도미노는 이제
0x00A047CF	기본 조작법은
0x00A047E2	이해하고 있지?
0x00A047F6	그럼
0x00A04805	아래 상태창을 봐
0x00A04830	본부 그림 아래 별과 숫자
0x00A0485F	이건
0x00A04868	지형 효과의 높이야
0x00A04887	지형 효과가 높으면
0x00A048A4	전투 때
0x00A048AD	피해를 덜 받아
0x00A048CA	그러니
0x00A048D3	가능하면 지형 효과를
0x00A048F0	활용해서
0x00A048FB	피해를 줄이자
0x00A0491C	지형 효과는 상태창뿐 아니라
0x00A04948	정보 키로도 확인 가능해
0x00A04974	그럼
0x00A0497D	경전차와 싸울 땐
0x00A04994	평지나
0x00A0499B	도로보다 숲에서 공격해
0x00A049C8	맞아!
0x00A049D8	힘내
0x00A049E7	도미노!
0x00A04A05	전황만 악화시켜.
0x00A04B0A	보병계 외 직접 공격이 서툴러서...
0x00A04B2D	그건
0x00A04B53	그것도 중요해.
0x00A04B71	특기 능력을 살려서,
0x00A04B8E	자신만
0x00A04B95	할 수 있는 전법도 중요해
0x00A04C1E	설명 계속할게
0x00A04C34	네가 점령 시작한
0x00A04CCB	한다
0x00A04CF5	도시는 지형 효과가 높고,
0x00A04D13	점령해 두면 수입을 받는 것...
0x00A04D58	아군 도시나 본부는
0x00A04D72	매일 시작
0x00A04D7D	에 돈을 받아.
0x00A04D92	생산 거점이 있으면
0x00A04DE2	여긴 공장이 없어서
0x00A04E2A	도시가 늘면
0x00A04E3D	손해는 없으니까
0x00A04E74	선택한 유닛은
0x00A04E91	자주포야
0x00A04E9C	자주포는
0x00A04EA7	멀리 있는 적을
0x00A04EC0	노려 공격하는
0x00A04ED3	간접 공격 유닛이야
0x00A04EEA	떨어진 곳에서 공격하니
0x00A04F05	공격해도
0x00A04F10	반격을 받지 않아
0x00A04F31	대신
0x00A04F3E	직접 공격받으면
0x00A04F54	반격도 못 해
0x00A04F83	직접 공격 안 받도록
0x00A04F9C	조심하겠습니다
0x00A04FF9	간접 유닛은 직접 유닛
0x00A0501C	과는 달리
0x00A05029	이동후공격
0x00A05036	공격 못 해
0x00A05045	공격은
0x00A0504E	항상 현재 위치에서
0x00A0506C	알겠습니다
0x00A0507C	매복이나 지원사격을
0x00A05091	잘하는 유닛이군요
0x00A050B4	맞아!
0x00A050C1	그리고
0x00A050C8	공격 가능한 범위
0x00A050DF	알고 싶을 때가 있지
0x00A05100	그럴 땐
0x00A0510D	유닛 위에서
0x00A0511F	정보 키로
0x00A0512A	공격 범위가 빨갛게 표시돼
0x00A0514D	자주포 사거리는
0x00A0516F	이야
0x00A05179	정보 화면에서도 확인 가능
0x00A051EF	점령이나 수송차
0x00A05211	산에도 올라가
0x00A052BA	지휘 보병계는 공격력이 높아...
0x00A052E6	경전차와도 충분히 싸울 거야
0x00A053D8	도시나 본부 위에
0x00A05401	다음 날 시작에 체력 2 회복
0x00A05424	동시에
0x00A0542B	탄약 연료 자동 보급돼!
0x00A05454	도시나 본부는 지형 효과도 높고,
0x00A0547A	좋은 점뿐이네요
0x00A0552F	좋은 나라
0x00A05585	도시나 본부 위에 대기시켜
0x00A055C2	이어서
0x00A055CB	점령
0x00A0561F	숫자가
0x00A0564C	현재 6000이야
0x00A0565F	병기 생산 때 쓰니까,
0x00A0567A	지금은 신경 마
0x00A0572C	반드시 이기겠습니다
0x00A05855	무례한 놈이네.
0x00A05874	열받아!!
0x00A05885	다음엔 직접 패주마!
0x00A058C2	아이네...
0x00A058EF	다리 왼쪽 도시를 경전차나
0x00A05939	뒤에 자주포를 배치해 엄호하거나,
0x00A05964	아래 도시에서 회복도 중요해.
0x00A05989	보병계는 강을 건널 수 있음을,
0x00A05A03	분명 이길 수 있어!
0x00A05A3F	다음엔 용서 안 해!
0x00A05A8C	콩그 님
0x00A05ADD	아니면 겁쟁이인가!?
0x00A05B8A	나는 콩그다
0x00A05BA0	콩그
0x00A05BCF	콩그
0x00A05C72	우리 블랙홀 거다
0x00A05C93	시끄럽게 떠드는 녀석은
0x00A05CAC	부순다
0x00A05D21	흥분한 쪽이 지는 거야
0x00A05D74	자기 나라가 엉망이 돼서
0x00A05DC3	마음 가라앉혀
0x00A05DE6	저 녀석 쓰러뜨려
0x00A05E10	맥스는 이미 몇 번
0x00A05E2B	해 봤을 거라 생각해
0x00A05E44	중전차나
0x00A05E68	같은 건 오랜만 아니야
0x00A05E8C	헬기가 배치됐나
0x00A05F28	직접공격 특기,
0x00A05F3B	공격력 높아...
0x00A05F78	직접 공격한다는 점에선
0x00A05F96	육상 공중 유닛도 같아.
0x00A05FD9	전투헬기도 잘 쓸 수 있어!
0x00A0604F	간접공격은
0x00A06087	그보다 큰 힘이
0x00A060C5	간접 따위,
0x00A06128	유닛에게 명령하지 않고
0x00A06171	싸움은 선공 필승
0x00A061CE	수송 헬기는 수송차와 같아
0x00A061EB	보병과
0x00A06298	바다 위를 날아가!
0x00A062F5	수송 헬기 탑재와 하차 방법은
0x00A0632A	이동 불가 장소에는
0x00A06375	한 가지만 달라.
0x00A06392	수송헬기가 바다위면
0x00A06440	지형 무시하고 이동해
0x00A0647C	지형 효과는 못 받지만.
0x00A064A1	경전차 이상으로 싸울 수 있고
0x00A064C5	같은 전투 헬기에도 꽤 강해
0x00A064EC	꽤 많은 유닛을 공격할 수 있으니
0x00A06514	다시 정보 키로 확인해
0x00A065EE	자기 유닛의 공격 범위
0x00A06620	B 눌러
0x00A06651	간접포 사거리가 좁으니
0x00A0666E	어디까지 닿는지 확인해 둬.
0x00A066A1	약점 파악도 중요해
0x00A0674C	젠장
0x00A06767	공중 유닛은 어디서 회복해!?
0x00A067B7	공중 유닛 회복 불가.
0x00A067D4	공중 유닛을 회복하는 건
0x00A06871	같은 유닛끼리라면,
0x00A06888	합류해
0x00A068B0	합류!?
0x00A068BA	두 부대를 한 부대로 합쳐
0x00A068E7	합류하면 두 유닛이 하나가 되어
0x00A06974	체력은 10을 넘지 않나
0x00A069EE	합류
0x00A06A04	무사한 유닛에 다친 유닛이
0x00A06A91	나와 비슷한 지휘다
0x00A06AB6	좋군
0x00A06AD7	마라
0x00A06B8C	레드스타에 온 걸,
0x00A06BA3	후회하게 해주마.
0x00A06C01	잠깐
0x00A06C1D	젠장
0x00A06C4C	정체 모를 녀석들이야.
0x00A06C68	그러게!
0x00A06C83	궁금했을 것 같은데,
0x00A06CA0	작전 성공 뒤에는
0x00A06CB5	포인트와 랭크가
0x00A06CC8	표시되지?
0x00A06CDB	그 포인트는
0x00A06CEC	하치 상점에서
0x00A06D09	물건 살 때 쓸 수 있어.
0x00A06D2C	포인트 올리는 법을
0x00A06D4E	설명해 줄게.
0x00A06D6C	역시,
0x00A06D75	좋은 점수 받고 싶지!
0x00A06DA2	여유 생기면 고득점도 노려봐.
0x00A06DD4	스피드
0x00A06DE6	작전 성공까지 걸린 일수야.
0x00A06E0B	파워
0x00A06E1C	한 번에 잡은 적 수야
0x00A06E3D	테크닉
0x00A06E51	아군이 너무 많이 당하고 있지 않은지
0x00A06E7F	각각 체크해.
0x00A06EA3	중요한 건 작전을 성공시키는 거야.
0x00A06EC8	점수만 보다가
0x00A06ED9	무리하면 안 돼.
0x00A06EF7	포인트가 없어도
0x00A06F10	난 전력으로!
0x00A06F20	다음도 이 기세로!
0x00A06F94	다음엔
0x00A06FC7	적 중전차가,
0x00A0701E	섬 다리 근처에 중전차를 배치해
0x00A07062	전투 헬기로 공격해도 좋아
0x00A070CE	전투 헬기도 맞설 수 있어
0x00A0710C	싸울 때
0x00A0715E	수송헬기로
0x00A07169	보병을 보내 점령해도 좋아
0x00A071AC	담엔 안 져!
0x00A071F4	콩그라고 했던가
0x00A07228	콩그 님
0x00A07248	오.
0x00A07258	맥스 부대인가.
0x00A072D4	끝낼까.
0x00A072E1	즉,
0x00A07330	알겠다...
0x00A07348	적습!
0x00A073A4	상황이 나빠
0x00A073EC	보병은 공중유닛과
0x00A07477	둘이서,
0x00A0748B	어떻게든 해 보자.
0x00A074AC	적 부대에 폭격기...
0x00A074E1	침착하게 대처하죠.
0x00A0751B	대공 전차야
0x00A07571	맥스가 잘 쓰는,
0x00A075D3	대공미사일.
0x00A0763E	유닛 능력이 궁금할 땐
0x00A0769A	공격 범위는 B로 확인해
0x00A076E7	맥스에게 맡겨도 괜찮겠네
0x00A07715	확실히
0x00A0771E	멀쩡히 보내 주마.
0x00A0774C	무사 귀환하면 한잔 사
0x00A07788	로켓포야.
0x00A077BC	공격 범위 3~5,
0x00A077E7	맥스의 경우
0x00A077F6	공격 범위는 3-4가 되지만
0x00A07825	간접공격 유닛은
0x00A07838	서툴지...
0x00A0787A	별로
0x00A07883	신경 안 써도 되지 않아?
0x00A078F4	전투 헬기대
0x00A07901	출격 가능
0x00A07918	전투헬기는 직접 공격 유닛이지만,
0x00A0793D	폭격기 전투기는 공격 불가!
0x00A0795F	같은 전투헬기엔 선공 필승
0x00A07982	수는 많지만 겁먹지 마
0x00A07A26	색이 좀 변하지 않았어?
0x00A07AFD	보면 알 수 있어.
0x00A07B14	콩그 님
0x00A07B1F	지금
0x00A07B35	폭격기·전투기 사용 허가가 안 났어!
0x00A07B74	공항에서 끌어왔어.
0x00A07B94	콩그 님
0x00A07B9F	이 부대엔 공중 유닛의
0x00A07C7B	공중 유닛은 공격 불가.
0x00A07CD2	공중 유닛 모두
0x00A07CE6	직접 공격용 유닛이다
0x00A07D01	공중전이면,
0x00A07D46	공중 유닛은 매일 연료 2 소모.
0x00A07D8E	못 움직일 뿐이지만
0x00A07DA5	공중 유닛은 연료가 다하면
0x00A07E03	한 기라도 더 쓰러뜨려
0x00A07E39	돌격!
0x00A07F3C	블랙홀 군이 각지에서
0x00A0806F	캐서린 사령관께
0x00A08080	보고해 둘게
0x00A080A4	레드스타 연구소 위치는
0x00A0810C	연구소 지도에 갈 수 있어
0x00A0813B	브레이크　게이지
0x00A0815C	응!?
0x00A081F3	더 기다려 스페셜까지 모아
0x00A083A8	맥스 부대는...
0x00A0841F	콩그
0x00A08470	여기서 나한테 이겼다고,
0x00A084B8	블랙홀군 침공은
0x00A084D1	누구도 못 막아.
0x00A0854C	또 보자.
0x00A0858B	질리지도 않네
0x00A085A7	아무리 쳐들어와도,
0x00A0877C	블랙홀 군이 각지에서
0x00A088A3	레드스타 연구소 위치는
0x00A0890B	연구소 맵으로 갈 수 있을 거야!
0x00A08930	이번엔
0x00A08958	젠장
0x00A08987	아쉽네...
0x00A08A15	대공 전차나 미사일이 폭격기에 당해
0x00A08A60	위쪽 육상부대는,
0x00A08A97	우선 공중 부대부터 처리해야 해.
0x00A08ABC	맥스라면,
0x00A08AE2	분명 이길 수 있어!
0x00A08B10	담엔 안 진다!
0x00A08B55	레드스타는 안 뺏긴다
0x00A08B98	근데 도미노,
0x00A08BA6	그 콩그 부대가 대기 중이라는 정보는
0x00A08C07	저 콩그라는 녀석이
0x00A08C6C	네.
0x00A08C75	콩그는 빙 돌아가는 일은
0x00A08CA4	정답!
0x00A08CF4	후후후,
0x00A08CFD	반갑습니다
0x00A08D81	도미노 그 애,
0x00A08DB8	...네.
0x00A08DD5	해상전이 되겠네.
0x00A08E03	적 손에 넘어가는 건
0x00A08E91	해상 섬의 적 본부를 점령하자
0x00A08EBF	적 본부 점령 노린다면
0x00A08F69	같은 거야!
0x00A08F9C	있을　거야
0x00A0907B	사정거리도
0x00A090A4	자주포 강화 유닛이고,
0x00A090DE	그렇게 생각하면 쉬워
0x00A09114	도시 위에 두거나
0x00A09129	수송차를 옆에 두면 좋아
0x00A09150	이 수송헬기,
0x00A09160	그냥 두면,
0x00A09171	대공 전차 2부대에
0x00A09199	바다에 나가면
0x00A091B0	호위함...
0x00A0922C	이동력 믿고 도망쳐도 좋지만,
0x00A0927B	수송헬기와 전투헬기는,
0x00A09292	호위함에
0x00A092BC	호위함이 버티는 한,
0x00A09334	전함이라고 해서
0x00A09347	간접 공격 해상 유닛이야
0x00A09362	육지와 바다도 공격
0x00A09379	간접공격 유닛 중
0x00A09390	공격 범위 제일 넓어!
0x00A09418	해상 유닛 모두에,
0x00A0942B	공격 가능.
0x00A0943A	위 호위함도 공격 가능하지만,
0x00A09475	전과는 기대 못 해.
0x00A09493	잠수함엔 특수 능력이 있어.
0x00A094C4	할 수 있어
0x00A09508	반은 맞아.
0x00A0955B	잠수함과 호위함에게만은
0x00A0959D	해상 유닛은 연료가 다하면
0x00A095D7	잠수 중엔 연료를 더 많이...
0x00A095FB	매일 5씩 쓰니,
0x00A0960E	주의해야 해.
0x00A0961D	위험해지면
0x00A0964B	항구...
0x00A09691	호위함.
0x00A096D4	공격 가능한 유닛이 한정돼 있어
0x00A0970F	잠수함만 공격 가능해.
0x00A09775	수송선.
0x00A097A9	이동 불가 장소에는
0x00A09811	2부대까지 탑재할 수 있어
0x00A09839	탑재 하차 지형은 한정돼 있어
0x00A098E5	여울과 항구뿐이야
0x00A098FC	이 수송선...
0x00A09994	네...!
0x00A099E7	색이 좀 바뀌었지?
0x00A09ABF	보면 알 수 있어.
0x00A09AF7	이유 없이,
0x00A09B3D	7일째엔 콩그 부대가 찾아와서
0x00A09BF4	그 애,
0x00A09BFD	두뇌전이 특기인가 봐.
0x00A09C23	들은 대로,
0x00A09C51	이 지도는
0x00A09C6F	7일 안에 클리어해!
0x00A09C8A	기습 전략이라면
0x00A09CD4	2일째네...
0x00A09D0D	해상 유닛은 매일
0x00A09D26	연료를
0x00A09D3D	연료0이면침몰해
0x00A09D8A	항구에서 대기
0x00A09E10	콩그 부대는,
0x00A09E38	...도미노,
0x00A09E47	괜찮을까.
0x00A09E8F	아직,
0x00A09F28	더 기다려 스페셜까지 모아
0x00A0A0D6	다시 한 번,
0x00A0A1AB	콩그 부대도
0x00A0A234	이번엔 시간제한
0x00A0A264	적 공장이 있는 한
0x00A0A297	수송 헬기와 수송선을 활용해
0x00A0A2BC	본부 점령을 노려 가자.
0x00A0A303	바다를 넘어갈 수 있어.
0x00A0A3D4	기대에 보답하겠습니다
0x00A0A429	강적일 것 같네.
0x00A0A57B	만만찮은 적이 된 듯하네
0x00A0A5F1	갑자기
0x00A0A63F	포대를 부술 수 있어
0x00A0A77C	젠장
0x00A0A7B6	너,
0x00A0A7BF	정말 할 수 있나
0x00A0A7DF	두고 봐,
0x00A0A800	콩그
0x00A0A85D	살았다.
0x00A0A888	나중
0x00A0A88F	실험대　약속
0x00A0A8D8	그럼,
0x00A0A960	호크가...
0x00A0A9B1	이 지도는
0x00A0A9C0	유닛 배치가 유난히 적어
0x00A0A9E4	이 지도는 직접 어떤 유닛을
0x00A0AA05	배치할지 정하는 생산 지도야
0x00A0AA2C	생산 지도?
0x00A0AA8C	저건 공장이야
0x00A0AA9F	육상 유닛 생산 거점이야
0x00A0AB50	군자금은 거점 수입으로 늘어나.
0x00A0AB94	받아.
0x00A0ABA1	지금 본부와 공장 2개,
0x00A0ABBE	도시 3개를
0x00A0ABFF	도시　공장　점령할　때마다
0x00A0AC43	맞아!
0x00A0AC5E	계속 생산하는 거야.
0x00A0AC77	공장서 A누르면
0x00A0AC88	생산할 유닛을 고를 수 있어.
0x00A0AD2F	수입　늘리려면　보병이나
0x00A0AD5F	중립 도시를 점령해
0x00A0AD76	수송차나 헬기에 태워
0x00A0AD98	먼 도시 점령도 잊지 마.
0x00A0ADC3	공격할 땐,
0x00A0ADD0	육지로 포대까지 갈 수 있고
0x00A0AE35	중전차 등,
0x00A0AEC5	적 점령당하면 큰일이야
0x00A0AEEB	거대　포대에　대해서는
0x00A0AF04	알게 되면 보고할게!
0x00A0B013	색이　조금　변했지
0x00A0B0EC	보면 알 수 있어.
0x00A0B150	색적 지도라는 곳에서,
0x00A0B17C	이동력도 높고,
0x00A0B18D	보병　바주카병과라면
0x00A0B1A4	그럭저럭 싸워
0x00A0B1E2	대공 전차야
0x00A0B25C	로켓포는 간접 공격 유닛이야
0x00A0B2A8	자주포　강화판이라
0x00A0B2DA	그렇게 생각하면 쉬워.
0x00A0B310	도시 위에 두거나
0x00A0B325	수송차를 옆에 두면 좋아
0x00A0B351	생산한 건 대공 미사일이야
0x00A0B3AF	압도적인 강함이 있어!
0x00A0B3E2	신형 전차야!
0x00A0B459	써 보면 알겠지만,
0x00A0B478	공격력은 중전차 이상!
0x00A0B48F	분명 의지가 될 유닛이야!
0x00A0B565	발사　준비만
0x00A0B574	곧 끝날 듯.
0x00A0B59F	직접 지휘하겠다
0x00A0B5FE	저 포대 정보 얻었어.
0x00A0B626	블랙 캐논
0x00A0B655	사정거리가 엄청 넓은 듯해,
0x00A0B6AA	아직　지금
0x00A0B6B5	시제품 같아서,
0x00A0B6C8	2일에 1번
0x00A0B6EC	범위 안에
0x00A0B6FB	강한 유닛 1부대를
0x00A0B710	우선 공격해 오는 듯해.
0x00A0B9DB	저　꼬맹이도
0x00A0B9EA	브레이크를...!
0x00A0BA04	정신 바짝 차려!
0x00A0BAAC	블랙 캐논 공격 때는
0x00A0BB2D	블랙 캐논을 부수면
0x00A0BB46	이 지도는 작전 성공!
0x00A0BC24	이름 따위,
0x00A0BCDA	괜찮은 거야?
0x00A0BD4C	뭐!...
0x00A0BD61	그 뒤 전차 부대는,
0x00A0BDB7	긴급 출동이라 했잖아
0x00A0BE08	...흐음.
0x00A0BE3B	엔진 상태 보고 있어!!
0x00A0BE89	맥스가　아군이라　다행
0x00A0BEAF	나도　그리　생각
0x00A0BEFD	아직 가능해
0x00A0BF49	블랙 캐논 공격...
0x00A0BF67	확실히 성가시지만
0x00A0BF7E	우선 수송 헬기를 써서
0x00A0BF97	저 작은 섬 공장을 점령해
0x00A0BFB6	공장 위치에는
0x00A0BFC9	포격이 닿지 않아
0x00A0BFDE	이번 전투로 알았어.
0x00A0C008	보병을 태워,
0x00A0C074	맥스에게
0x00A0C081	본때를 보이려면
0x00A0C0DA	블랙홀 군 연구소는.
0x00A0C0F7	잘되면　신병기　설계도도
0x00A0C18D	지금 부대 재편성 중...
0x00A0C1B1	전투가　좀　있어
0x00A0C1C2	출격 가능 인원이 적어.
0x00A0C2B9	가자.
0x00A0C30F	주변이 잘 안 보이는 지도지?
0x00A0C34F	익숙하면,
0x00A0C380	콩그 님
0x00A0C3EB	지도가 적 손에 넘어간 듯...
0x00A0C420	그　데이터　지울　때까지
0x00A0C460	7일이면 가능할 듯
0x00A0C48C	설계도를 넘기지 마!
0x00A0C4BB	주변 안 보이는 지도를
0x00A0C518	범위 밖은 잘 안 보여.
0x00A0C539	예로 보병 시야는 2...
0x00A0C557	보병 주변 2칸이 밝아진다는 거네.
0x00A0C5A6	중립 적 거점은 가까이 가야 알아
0x00A0C5D4	이 정찰차,
0x00A0C652	보병　바주카병과라면
0x00A0C669	그럭저럭 싸워
0x00A0C6C0	숲은　시야　안이어도
0x00A0C722	이건 적도 마찬가지야
0x00A0C73B	숲속에 들어가면
0x00A0C750	옆으로　오지　않는　한
0x00A0C780	색적 지도는
0x00A0C7FF	조우
0x00A0C826	적 위치에
0x00A0C87C	숲속에 들어가려 할 때 많으니까
0x00A0C8DF	적 전멸 연구소 점령 승리
0x00A0C8FE	적도　도망칠　준비　중이고
0x00A0C934	보병과 바주카병은 점령 외에
0x00A0C971	보병계는 산 위에 오르면
0x00A0C9AD	마침　위에　산이　있어
0x00A0C9C6	올라가 시험해 봐도 좋겠네.
0x00A0CA69	간접 공격 유닛이
0x00A0CA7C	1부대가 숨어 있는 듯해
0x00A0CAE4	색적 지도는 어떤 느낌이야
0x00A0CBB2	나머지는 싸우며,
0x00A0CC03	숲처럼　옆까지　가지　않으면
0x00A0CC22	유닛이 있는지 모르는 지형이
0x00A0CCEC	간접 공격 유닛이 숨어 있는 듯해.
0x00A0CD90	콩그 님
0x00A0CDDC	신병기 설계도 삭제 가능
0x00A0CE2A	싫지만,
0x00A0CE4C	콩그 님...
0x00A0CF32	이만큼 설계도가 있으면
0x00A0CF60	신병기...
0x00A0CF6D	새 전차를
0x00A0CF8F	신형 전차에 대해
0x00A0D013	도미노 정보에도
0x00A0D04B	이 정도밖에
0x00A0D097	기지로　돌아가
0x00A0D0EA	당했다...
0x00A0D0FC	이 지도는
0x00A0D10B	놔둬도
0x00A0D135	실은 레드스타군 패배가 되는 일은
0x00A0D180	꼭 얻고 싶지
0x00A0D193	한 번 더 도전해
0x00A0D1C5	색적 지도는 순서가 중요해
0x00A0D1F2	시야를 넓혀야,
0x00A0D20B	강한 유닛도
0x00A0D237	보병을　산에　올리거나
0x00A0D24E	정찰차를　전선에　보내
0x00A0D266	적　위치　확인　후　공격
0x00A0D2D0	신형 전차군!
0x00A0D2DD	빨리 써보고 싶어!
0x00A0D33F	콩그
0x00A0D378	이 세계 군사력을
0x00A0D3B4	스네이크　침공
0x00A0D435	이 땅 무리가 코앞까지 와 있어요.
0x00A0D748	갑자기 큰소리를.
0x00A0D7AB	그밖에 많은 물자가
0x00A0D836	어딘가로 보내는 걸까
0x00A0D8AE	분명 이길 수 있어!
0x00A0D8EB	이길 수 있어
0x00A0DA08	저 긴 파이프도 같은 구조라서
0x00A0DA9F	파이프를 볼트로
0x00A0DB53	먼저 중앙 공항을 제압하면
0x00A0DC94	콩그 님
0x00A0DCA1	적이 파이프 약점을 알아챘습니다
0x00A0DD45	적　부대　갖춰지기　전에
0x00A0DDD0	콩그
0x00A0DEAB	곧 알게 돼.
0x00A0DF00	얘긴　아직　안끝나
0x00A0E02A	그래서 너희가 정말 도와줬어.
0x00A0E0C7	어서　타국　상황을
0x00A0E1BD	분명 이길 수 있어
0x00A0E1DB	먼저 노리고 싶은 건
0x00A0E243	정면　힘싸움은　맥스가
0x00A0E269	점령 노리면 도미노가 좋겠네.
0x00A0E299	회복　능력　보유
0x00A0E2F3	한　방법이야
0x00A0E325	내가　적을　쓰러뜨렸어
0x00A0E398	이봐,
0x00A0E408	블랙홀이 또 왔나봐.
0x00A0E443	그놈들,
0x00A0E464	그럼,
0x00A0E46F	바로 출격한다!
0x00A0E484	적은 어디냐?
0x00A0E4A1	료.
0x00A0E4B1	코스모랜드엔 없어.
0x00A0E4E8	이 세계...
0x00A0E4F7	세계에는
0x00A0E50D	대륙이 몇 개 있는 건 알지?
0x00A0E550	정말
0x00A0E559	아무것도 모르네.
0x00A0E574	뭐야
0x00A0E580	 무시한 거야?
0x00A0E59C	모르는 녀석을
0x00A0E5B4	모른다 했을 뿐이야.
0x00A0E5D8	그만
0x00A0E5E8	 그럴 때가 아니야!
0x00A0E611	아무튼
0x00A0E618	캐서린 말로는
0x00A0E630	전장은 매크로랜드야.
0x00A0E65C	레드스타 말고도
0x00A0E680	다른 나라도 위험하대.
0x00A0E6A0	그럼,
0x00A0E6AD	블루문과
0x00A0E6BC	옐로코멧...
0x00A0E6D4	그리고,
0x00A0E6DD	그린어스도.
0x00A0E6F2	모두,
0x00A0E6FB	어서 매크로랜드를
0x00A0E71A	지키러 가겠지.
0x00A0E738	됐다!
0x00A0E745	또,
0x00A0E74C	다들 만나겠네!!
0x00A0E768	료,
0x00A0E771	이건 전쟁이야.
0x00A0E786	기뻐할 일은 아니야.
0x00A0E7A8	그래,
0x00A0E7AF	다들 만나는 건
0x00A0E7C4	기뻐!
0x00A0E7D1	어서
0x00A0E7D8	매크로랜드로 가자!!
0x00A0E7FC	기다려
0x00A0E807	료!
0x00A0E819	도망갔네.
0x00A0E831	 어차피 매크로랜드에 가면
0x00A0E855	싫어도 싸워야 해.
0x00A0E876	벌써 기죽지 마.
0x00A0E8AA	신경　쓰이는　점
0x00A0E906	기존 전법이 안 통할지도...
0x00A0E9F2	강 건너 적 부대를 확인했습니다.
0x00A0EA53	다른 작전 중이라,
0x00A0EAAC	좋은　판단
0x00A0ED24	그건　그렇고　무례하네
0x00A0EDB9	다음엔 용서 안 해!
0x00A0EDF4	다리 왼쪽 도시서 매복,
0x00A0EE2D	뒤에 간접포를 배치해 엄호하거나,
0x00A0EE59	아래　도시서　회복도　중요해
0x00A0EEC8	보병계는 강을 건널 수 있단 걸,
0x00A0EF43	분명 이길 수 있어!
0x00A0EFA0	콩그 님
0x00A0F0AB	나는 콩그다
0x00A0F0C0	콩그
0x00A0F1AA	시끄럽게　구는　놈은　부순다
0x00A0F22C	싸움은 흥분한 쪽이 져.
0x00A0F2D5	마음　가라앉혀
0x00A0F2F1	저 녀석 쓰러뜨려
0x00A0F4A0	콩그라고 했던가
0x00A0F583	근처 공장과 항구를 차지해
0x00A0F5CD	레이저 위 다리 근처에서
0x00A0F60D	적 본부가 무방비면
0x00A0F680	담엔 안 져!
0x00A0F807	만만찮은 적이 된 듯하네
0x00A0F8C8	저 포대 파괴 가능.
0x00A0F920	다치기만　해
0x00A0FA60	콩그
0x00A0FAB3	이걸로 놈들을 부술 수 있어!
0x00A0FADC	나중에
0x00A0FAE3	실험대 약속은
0x00A0FAFB	잊지 마 알겠지
0x00A0FCBD	적 연구소 공격 작전 중입니다
0x00A0FD0E	블랙홀군의 신병기라던가
0x00A0FD7F	병력 출격할까?
0x00A0FDD3	이 작전을 성공시켜야 해
0x00A0FE1D	작전을 계속합니다
0x00A0FE40	놈들에게 료 부대의
0x00A0FE57	실력을 보여 줘!
0x00A0FEED	안 물었어
0x00A0FF8F	료
0x00A10026	그 뒤 전차 부대는
0x00A10105	엔진 상태 보고 있어!!
0x00A10136	돌아간다
0x00A10177	나도 그래
0x00A101D9	아직 가능해
0x00A10214	제 말 들어줘요
0x00A102DB	공장을 점령하는 것도 방법이야
0x00A10302	공장 점령도 물론 중요하지만
0x00A10328	먼저 적 생산을 막아야 해.
0x00A105DD	급습해　기지　점령
0x00A105FA	잘하면　적　군사력　정보를　얻어
0x00A106B0	미사일 기지를 배치한 듯해.
0x00A106D5	쉽지는 않을 것 같아.
0x00A10749	여기만이 아니거든~
0x00A10862	지금은 적 기지를 점령한,
0x00A108D0	하나씩　제압하죠
0x00A109E2	먼저 차지할 곳은
0x00A10A4A	블랙　캐논　공략이　수월할　듯
0x00A10AC2	차량계　이동　어려운　지도라
0x00A10C38	어쩌시겠습니까
0x00A10C9E	무섭지 않다!!
0x00A10D9E	네 싸움 방식은
0x00A10DFF	우리 적답다
0x00A10E1F	나 말곤 감당 못 할지도.
0x00A10E88	나랑싸우면
0x00A10EC4	내 도전을 받겠나?
0x00A10EDC	걸어온 싸움은 받는다!
0x00A10F3E	먼저 전멸하면 패배다.
0x00A1107F	아무래도 내가 진 듯하군.
0x00A11105	퇴각하는　듯합니다
0x00A11187	대체 뭘 하는 거야!
0x00A11228	적　강습으로　큰일이야
0x00A113C7	다음엔　용서　안해
0x00A11401	방심할 수 없는 상대였는데
0x00A11488	목숨 구걸?
0x00A1149F	내게 다시 도전하겠다는 건가?
0x00A11511	그것도 못해,
0x00A1157B	이번엔　내　도전장이다
0x00A11684	부대를　집결시키는　듯합니다
0x00A116B8	정보에　따라
0x00A116F1	붙잡은 적병을 모아
0x00A117B2	직접 공격밖에 모르는
0x00A117F0	간접포의 무서움을.
0x00A11850	그런 말은 아니야.
0x00A11869	잠시 살펴보면,
0x00A118A0	적은 간접부대 중심으로
0x00A118BD	기다리고 있어.
0x00A118DB	돌격하면 적 뜻대로야
0x00A11959	붙잡힌 녀석들이
0x00A119D3	우리　작전　실수로
0x00A11A0F	그렇게　말한다면
0x00A11A9E	뒤를　부탁해
0x00A11C3C	군을 멋대로 움직이면 안돼,
0x00A11E4E	내가 봐도 훌륭한 작전입니다.
0x00A11F78	저거네
0x00A11FB1	신병기 도면을 얻을지도...
0x00A12043	지금 부대 재편성 중...
0x00A1205E	얼마 전 전투로
0x00A12076	출격 인원이 적어.
0x00A120E0	내가 허락할까?
0x00A120F8	괜찮아 도미노
0x00A12145	의욕도 있어
0x00A12158	콩그 님
0x00A121BE	지도가 적 손에 넘어간 듯...
0x00A121F0	그 데이터 삭제까지
0x00A12230	7일이면 가능할 듯
0x00A1225D	설계도를　넘기지　마라
0x00A1238D	신형 전차 생산 가능해
0x00A123A6	이번 승리는 큰 의미야
0x00A123C1	오늘은 기지서 축배야
0x00A1243E	연구소 폭파해
0x00A124AE	여긴 그냥 보내죠
0x00A124D6	조금 아쉬워하더군...
0x00A12520	신무기를 만들 기회였으니까
0x00A1257F	활기는　어디　갔어
0x00A125E5	빨리 써보고 싶어!
0x00A1261C	료
0x00A12625	시간 없다고 해서
0x00A12664	보병계를 산에 보내
0x00A126A9	함부로 전진하면
0x00A126E5	나아가기 쉽다고 해서,
0x00A12779	난 캐서린 사령관과
0x00A1278E	달리 아직 젊다고
0x00A12834	고생하는 모양이군요
0x00A1284E	콩그
0x00A12884	이 세계 군사력을
0x00A12897	한 번 보려 했습니다, 큭큭큭.
0x00A128C0	스네이크　침공
0x00A128F5	내버려 둬도 괜찮나?
0x00A12940	이 땅 사람들이
0x00A12952	바로 코앞까지 왔습니다.
0x00A12B5D	뭔가 알면 바로 보고할게.
0x00A12BDF	갑자기소리쳐
0x00A12C20	공격만은 아니야
0x00A12C43	그 밖의 물자가
0x00A12C8E	병기를 생산하던 거야
0x00A12D40	분명 이길 수 있어!
0x00A12D7B	분명 이긴다
0x00A12DE8	콩그 포기해
0x00A12EC7	곧 알게 돼.
0x00A12F11	어이　얘긴　아직이야
0x00A12F75	다른 군에도 알려 두는 게 좋겠어?
0x00A1302F	위험했을지도 몰라
0x00A13042	그래서 너희에게 정말 도움받았어
0x00A13083	다른군상황을
0x00A13111	승리 축하연 열자!
0x00A1317C	분명 이길 수 있어
0x00A13191	이런 육로 지도라면
0x00A131E2	한 방법이야
0x00A13211	내가 적을 쓰러뜨렸어
0x00A132BA	쉽게 이기게 두진 않네・・・
0x00A132F8	분명 이길 수 있어
0x00A13310	캐서린 사령,
0x00A13359	먼저 노리고 싶은 건
0x00A1339B	잘 안 풀릴 때는,
0x00A133DC	한 방법이야
0x00A13407	점령 노리면 도미노가 좋겠어.
0x00A13437	회복　능력을　가진
0x00A135C8	바보놈
0x00A135D3	예전 놈들에게
0x00A135E2	영토가 엉망진창이 됐잖나.
0x00A1361E	우리 영토에서 적을 몰아내자!
0x00A136A5	바보놈
0x00A1370C	본부에　배치됐습니다
0x00A1382E	마음 편히 힘낼게
0x00A13844	이놈은　나쁜　본보기다
0x00A138D7	아냐 아냐
0x00A138E3	그 숟가락 만지지 마라.
0x00A13929	그 위험한 걸
0x00A13977	놀이터거든
0x00A139B5	준비됐느냐
0x00A13A59	앞에 마을이 있다
0x00A13A6E	거기서 잠시 쉬자!
0x00A13AA9	기분　좋네요
0x00A13ACA	눈이라도 오려나
0x00A13BA7	군에 든 뒤로는
0x00A13BB8	오랫동안 못 돌아갔지만,
0x00A13BD3	훌륭해진 이 몸을 보고
0x00A13C2B	잘난 자기 모습을
0x00A13C75	보이기 시작했다
0x00A13D8B	광장은어찌됐지
0x00A13DBE	이것저것　시험　중
0x00A13F30	적이 신병기를 만드는 듯해
0x00A13F7D	전투도 한결 수월해져.
0x00A13FA3	마음에　안　드는군
0x00A13FF7	이번엔　한번　가　봅시다
0x00A140D2	이쪽엔　광장이　있어서
0x00A14108	늦게까지 놀았었지.
0x00A141CA	네놈들　절대　용서　못해
0x00A141E8	우리　나라　되살때까지
0x00A14260	우선 중앙 공장을
0x00A1430F	네놈　도움은　필요　없다
0x00A143B4	우선 중앙 공장을
0x00A143E7	욕심내 너무 파고들면
0x00A14400	아픈 꼴을 볼 테니
0x00A144AF	네놈 도움은 필요 없다
0x00A144D7	이 몸이 직접 지키겠다!
0x00A1459B	어서　정신　차려라
0x00A145CE	이 산을 지켜라
0x00A145FA	왜 그렇게 느긋하냐
0x00A14620	그렇게 흥분 말고.
0x00A14635	안 될 때는
0x00A14645	얼른 도망치면 그만이야
0x00A1466E	그리 무모하진 않겠죠
0x00A146D9	진지한 표정이군
0x00A1479C	바로 그 말입니다
0x00A14806	드릴 말씀이 있습니다
0x00A1485C	합류하시겠습니까
0x00A148CD	진심으로 나라 지킬 생각 없겠죠
0x00A14905	목숨 거는건
0x00A14912	어리석다 생각 안 합니까?
0x00A14965	오기 전에
0x00A14980	마을을 지나왔지만...
0x00A149A0	모두 짓밟는 데
0x00A14A16	우리　군에　합류하면
0x00A14A2E	현명하지 않겠습니까
0x00A14A78	나라니 영토니
0x00A14B20	사는 사람들까지
0x00A14B33	멋대로 할 순 없어
0x00A14B60	마을을　멸한
0x00A14B96	전력　차가　있더라도
0x00A14C43	이놈들도 짓밟아라!
0x00A14C63	오른쪽 끝에 본적없는 거점.
0x00A14CE2	보병이나 바주카병이 닿으면
0x00A14CFD	미사일 1발 발사 가능.
0x00A14D1E	사정거리는　지도　전체다
0x00A14D86	내　사격　실력과　겨뤄　보자
0x00A14DB0	바보놈
0x00A14E14	자세히　알고　싶다면　R로
0x00A14F70	그게 상관 대하는 태도냐!
0x00A14F8B	거기　서라
0x00A14FFB	한숨 잘 테니까.
0x00A15064	이건
0x00A1506D	장식은 아니거든
0x00A150E3	내 제안을 거절한
0x00A1515D	저놈이 중전차대에 정신 팔려
0x00A15189	산 넘어 공격하는 겁니다!
0x00A151D5	근처 적을
0x00A1524E	우리 북방에
0x00A15287	단숨에 쳐들어올
0x00A15298	기척이 보입니다
0x00A152F0	그래서 아니겠습니까
0x00A15366	바로 대응은 가능하지만,
0x00A15386	함정일 수도 있다.
0x00A1539C	함부로　이동　불가
0x00A153F0	감탄할 때냐!
0x00A1561A	어디 한번 힘내 봐
0x00A156A2	지휘관 판단은 장병 목숨을 쥐고 있어.
0x00A156CD	의욕은 좋지만
0x00A157F2	수염이든　비쩍마른　놈이든
0x00A15828	어쩌시겠습니까
0x00A15839	대기 중인 부대가
0x00A15851	공격 명령을,
0x00A15862	그리 말합니다만
0x00A15878	둘 다 안 온다면
0x00A158E9	단숨에　밀고　들어가면　돼
0x00A1597C	정말 적이 후퇴했어?
0x00A15AA0	아직 싸움은 시작일 뿐.
0x00A15BAF	지휘관 판단은 목숨을
0x00A15BF9	먼저 중앙 공항 점령
0x00A15C14	그곳을 발판 삼아 본부를 노리자.
0x00A15C5A	두 사람을 위해,
0x00A15C6D	다음엔 꼭 이긴다
0x00A15CC5	장난감으로 만들 뿐인걸~
0x00A15CFB	레이저포　피해는
0x00A15D10	우리 군에도 피해가 있는 듯합니다
0x00A15DBA	레이저　사거리엔
0x00A15E0F	두 분 위해서라도
0x00A15EF6	정면공격은
0x00A15F8D	곤란한　분
0x00A15FA5	우린 뭘 하면 되지
0x00A15FCF	나랑 정보 모으자.
0x00A16026	맘대로안돼
0x00A1607D	무슨 일로 왔느냐
0x00A16094	방금 말한 대로다.
0x00A160E6	타국 힘 빌리지 않아도
0x00A16298	저 거대 기지 공략법을 알아냈어
0x00A1632C	보내는 모양이다
0x00A16367	아무것도 못 한다는 거지.
0x00A163D1	파이프가 막아서
0x00A16424	지나갈 수 있어
0x00A1646E	이 몸도 알고 있었지만
0x00A16533	어떻게든 해야 해
0x00A165D9	이제 미사일은 발사 못 해
0x00A16650	나 혼자도 이겼겠지만.
0x00A16709	벌써 가나?
0x00A1671C	준비가 끝난 뒤에
0x00A16770	더는 오지 않아도 돼
0x00A167E0	네놈 힘 따위,
0x00A16883	파이프는　적도　아군도　못　넘어
0x00A168AE	아래　파이프를　안　부수는　방법도
0x00A168F9	결정은　두목　지휘에　달렸어
0x00A1691C	어디 한 번 실력을 구경해 볼까.
0x00A1694D	두 분 힘을 믿습니다
0x00A16A3D	향후　전략을　짠다
0x00A16A7F	도시 방어 맡겠습니다.
0x00A16AA1	걱정　필요　없다
0x00A16AC7	여긴 적이 올 일 없어.
0x00A16B13	믿음　안　가거든
0x00A16C79	내가 정신 차려야 해.
0x00A16CED	마음대로 점령해야지.
0x00A16D64	곧　원군　온다
0x00A16DE6	14일 끝날 때까지
0x00A16E4F	약해지면 안 돼
0x00A16EF0	피해만　늘겠고
0x00A16F03	여긴 도망쳐야겠다.
0x00A16F9E	제 몫 하는 사령관이 되었나요?
0x00A1718B	싸워 이기는 건 생각 안 해도 됩니다.
0x00A171C5	끝까지 지켜 주세요!
0x00A17212	아군　승리가　보인다
0x00A17281	남이 말하는 중에…
0x00A172A7	숲속에 적이 숨어 있어.
0x00A172D4	이상한 병기까지
0x00A1738D	그　큰　포대　상대라면
0x00A1766D	아무리 힘 있어도
0x00A17710	숲 넘어 아군 본부에 닿아라.
0x00A17771	숲속이면 캐논 공격도 안 받아.
0x00A177C5	본부 점령당하지 않게,
0x00A178B7	너희가 적대한 상대다.
0x00A179BA	이젠 전진뿐이다!
0x00A17A1D	왜그래,
0x00A17A31	네 간접 공격이면 이길 텐데
0x00A17A6F	소란 떨지 마라.
0x00A17AAC	그렇지만,
0x00A17B29	숲 속은 나아가기 힘들죠.
0x00A17B4C	수송차를 아끼고,
0x00A17BF2	다음엔 나도 활약해야지.
0x00A17CAC	우리　영토에
0x00A17D11	영문 모를 놈들에게
0x00A17DB9	여기가 녀석들 연구소다.
0x00A17E09	내 영토에서 멋대로 굴지 마!
0x00A17E2C	너무 나서잖아,
0x00A17F88	다음 전투에 생산 가능
0x00A17FF9	우리 군엔 적 없다!
0x00A1801B	이제　싸움이　편해
0x00A1809A	놓치다니...!
0x00A180EA	우선 다리 옆 공장부터
0x00A18139	적 본부 공격도
0x00A1853B	언제든 갈 수 있어
0x00A18658	상관을　뭐로　보나
0x00A18740	내 손으로 해결한다!
0x00A18785	우리　군도　일손　부족
0x00A187A7	이쪽에서 도움을 청한다.
0x00A1887E	언제든 출격 가능!
0x00A1889F	타국에 뒤처지지 않게,
0x00A18907	블루문 위기를 먼저 알아채고,
0x00A18A34	숲속 전투네...
0x00A18A48	손이　근질해!
0x00A18B6C	한번 해볼까!
0x00A18BB9	반드시　이겨　보이겠다
0x00A18C04	멋대로는 안 된다
0x00A18C18	이 지도는
0x00A18CE1	좋아 블루문에 이어 가라
0x00A18EBE	어색해
0x00A18F69	나리의 자식 취급당하면 못 견디지.
0x00A190AF	싸움　아직　계속돼
0x00A19251	이제　안심!
0x00A19260	우리도 고국으로 갑시다!
0x00A19324	내　승리는
0x00A1938F	앞으로　적은　어쩔까
0x00A19482	괜찮은　생각　아닌가
0x00A194EC	외부 우군에게는
0x00A19553	파이프　직접　노릴　수도　있어
0x00A1959A	정면으로 노리긴 꽤 힘들어 보여.
0x00A195E3	우리가 적을 묶는 사이에
0x00A19774	반격　나서나
0x00A1978E	나도 도움이 될 수 있겠어.
0x00A197D3	자기 나라 위험한데
0x00A197E9	타국서 전략 연구라니.
0x00A19871	제일　눈에　띄는　곳에
0x00A199A0	그렇겠지만
0x00A199CA	해상전은 내게
0x00A19A43	예정대로　완성되나
0x00A19A98	왜그래?
0x00A19B38	눈치챌 때쯤이라 생각했다.
0x00A19C6F	（어떡할래？
0x00A19C7F	요새 완성되면
0x00A19C93	우리 피해가 커진다.
0x00A19DDB	적 요새를 완성해,
0x00A19DF9	고통받는걸
0x00A19E06	보고만 있을 겁니까!
0x00A19F11	별수 없다.
0x00A19FA7	요새부터 처리해.
0x00A1A048	싸움은 이제 시작됐어.
0x00A1A06E	험난한 싸움 계속된다.
0x00A1A0AF	우린 지지 않습니다!
0x00A1A0D9	누구에게도 안 져.
0x00A1A117	그린어스 공중 부대와
0x00A1A189	녀석들이 아무리 최강이라 해도,
0x00A1A1E4	지상　공격력은　크게　떨어져
0x00A1A20F	잡담은 됐다
0x00A1A2A0	적 상황은 어떤가?
0x00A1A2B4	내해　작은　섬에
0x00A1A2C8	집결한　듯합니다
0x00A1A2EF	내해를　둘러
0x00A1A32F	적 포위 완료했습니다.
0x00A1A367	한 부대씩 확실하게...
0x00A1A399	전멸　전까지는
0x00A1A3AA	무슨　일　날지　모른다
0x00A1A3C1	긴장　늦추지　말라고
0x00A1A3DB	병사에게 전하라
0x00A1A3F8	주위가 적뿐인가.
0x00A1A41A	전멸은 뻔하다.
0x00A1A557	병사라도
0x00A1A84C	무사한　듯합니다
0x00A1A90F	그리　안　된다
0x00A1A979	놈들이 미사일 기지를 쓰면 골치다.
0x00A1AAF9	태세를 정비해라.
0x00A1AB3D	무사해 다행
0x00A1AD6C	기운　잃지　마시오
0x00A1AD95	다음엔 꼭 이길 겁니다.
0x00A1AE09	특기 해상 유닛으로 공격해 줘
0x00A1AE85	암초　이용해　전진
0x00A1AEF6	그런 말하다니
0x00A1AF39	수리 필요한 전함,
0x00A1AF93	호크 님에게
0x00A1AFE4	뭘 묻고 온 거야?
0x00A1AFFC	수리 소요일입니다
0x00A1B078	30일은 필요 없다니까.
0x00A1B0EC	사람이　부족하면
0x00A1B194	전함 접안 통신이 들어왔어.
0x00A1B25D	지금은 시간이 중요해
0x00A1B278	적 수리 전에 공격해야 해
0x00A1B2BA	위공항을뺏기면
0x00A1B329	공중 유닛엔 대공 전차
0x00A1B342	전함은 간접포 집중포화로
0x00A1B37D	적이 공격했다고?
0x00A1B3EC	어찌할 수 없잖아!
0x00A1B43C	병력을 부대에 돌려...
0x00A1B4D8	하루 남았습니다
0x00A1B63E	우리도 신무기를 개발했군요.
0x00A1B68B	병기와 설계도까지 받아 가겠습니다.
0x00A1B6D9	적이 제멋대로 구는 건 못 참아서.
0x00A1B7AC	퇴각입니까
0x00A1B7D9	적 대부대가 나오기 전에,
0x00A1B81C	이기고 물러난다...?
0x00A1B983	날화나게하면어찌될지
0x00A1B9A1	따끔한 맛을 보여 줄게!!
0x00A1BA3A	퇴각한 듯합니다.
0x00A1BA5A	공격할 만큼 하고
0x00A1BA93	분하다!!
0x00A1BB7C	전쟁을　유리하게
0x00A1BC86	적　전함　이동　시작!
0x00A1BCEF	적 수리 능력을 얕본 것 같아.
0x00A1BD18	다음엔 단숨에 전진해.
0x00A1BDDE	좋은 힌트가 될 듯해.
0x00A1BE57	매일 레이저 발사
0x00A1BEB3	콩그 쪽은 어때요
0x00A1BF0E	할 수 없군요.
0x00A1C104	우리에게 항복을 권함
0x00A1C13E	내 말대로 답신해.
0x00A1C1F6	그녀는　어쨌지
0x00A1C344	지금　부대만이라도　전투　준비
0x00A1C3A9	싸울　필요　없다
0x00A1C3BC	목표는 레이저포 모두 격파인가,
0x00A1C3E2	적　거점　점령　중　하나로　좁힌다
0x00A1C4D3	레드스타군을 구하는 일이
0x00A1C597	구호　물자를　가져왔는데
0x00A1C5D4	실패는 누구나 해.
0x00A1C605	걱정 마.
0x00A1C646	그런　말은　아니다
0x00A1C66E	함께　싸울　마음을
0x00A1C6EC	고마운 건 내 쪽이야
0x00A1C725	이제　좀　싸우기　쉬워져
0x00A1C75C	적　마음대로　안　둬
0x00A1C841	확보할 거점은 공항이면 돼.
0x00A1C86B	아군 전멸 전에 적을 친다!
0x00A1C8E8	왜그래?
0x00A1C97A	자폭 장치가 있다든가.
0x00A1CA1C	적이 공항을 만들었다?
0x00A1CA68	우리 눈 피해서
0x00A1CB1B	나밖에 못 움직인다는 걸
0x00A1CB67	공중 해상전이면
0x00A1CB78	해상이 크게 불리하지만
0x00A1CBD0	공대해 우세가 뒤집히다니
0x00A1CC38	마지막 한 판 이기면 된다.
0x00A1CC5C	적은 전면 퇴각한 듯합니다
0x00A1CCA3	헛걸음이었나
0x00A1CCEC	적은 공군 주력이라 들었으니.
0x00A1CD3B	걱정할 필요도 없었군.
0x00A1CD91	더 자신을
0x00A1CDBF	불리한 공군 중심 상대에게
0x00A1CE53	그게 좋은 점이기도 하지
0x00A1CEEC	다른 사령관에게 지원 요청하겠습니까
0x00A1CF31	다시 한 번 힘내 보자.
0x00A1CF6C	가운데 공장부터 차지해야
0x00A1CFC8	보병 수송차도 태울 수 있단 걸
0x00A1D01C	되는 데까지 해보겠어
0x00A1D04A	마지막이면 돼
0x00A1D0C4	다른 사령관에게 지원 요청하겠습니까
0x00A1D109	다시 한 번 힘내 보자.
0x00A1D12D	첫 적 공중 부대를
0x00A1D1D5	주변 섬은 나중에 해도 돼
0x00A1D1F9	되는 데까지 해보겠어
0x00A1D227	마지막이면 돼!
0x00A1D24D	콩그가 오고 있어
0x00A1D294	할 말이 있대.
0x00A1D31B	위험할 것 같아
0x00A1D349	화산 탓에 상공 기류가 흐트러졌다.
0x00A1D374	적도 공중 부대를 못 내보낸다.
0x00A1D3A3	용암이 솟구친다
0x00A1D3B8	아군 피해도 날지 모른다
0x00A1D3D8	그래서 어쨌나
0x00A1D3EB	이기기 위해
0x00A1D3F9	어쩔 수 없다
0x00A1D419	그럼 내 전선으로 와라
0x00A1D564	출격 준비 중인가?
0x00A1D57C	어쩌지?
0x00A1D596	화산 탓에 공중 부대는 못 내
0x00A1D641	지상전은　내가　제일
0x00A1D690	혼자 멋대로 출격할 셈인가
0x00A1D6B3	뭐라도 된 줄 아나
0x00A1D73A	전장에 사정은 없다
0x00A1D788	화산에서 뿜는 용암은
0x00A1D7A4	일정한 패턴이 있는 듯해.
0x00A1D7D9	싸움을 유리하게 이끌겠지
0x00A1D81C	소중한 전력을 낭비하지 마.
0x00A1D86D	퇴각하는 게 좋겠군.
0x00A1D884	이 악조건 속,
0x00A1D8AA	한나가 고맙다더군
0x00A1D8C3	모두께 전해줘
0x00A1D9AD	다음도 실패 마
0x00A1DA4C	달리 할 말은 없는 걸까.
0x00A1DB19	이　꼴이야
0x00A1DB6C	악취미 짓은 안 해
0x00A1DB94	다른　건　몰라도
0x00A1DBF9	호크에게도 이길 수 있어.
0x00A1DC16	죽은　병사에게　미안하면
0x00A1DC3A	다음엔 꼭 승리를 잡아 봐!
0x00A1DCA1	위　오른쪽　공장
0x00A1DCB4	장악해 두지 않으면 승산이 없어.
0x00A1DCF5	공장　점령이　쉬워지겠네
0x00A1DD10	용암 분출 패턴을 읽고,
0x00A1DD54	얻은 지도에 따르면,
0x00A1DD6E	연구소는 이 근처인 듯해
0x00A1DD94	놈들은 신형전차를,
0x00A1DDA8	거기서　개발했단　거야
0x00A1DDD9	그곳　수비　부대는
0x00A1DDF0	수는　많지　않은　듯해
0x00A1DE48	왜그래?
0x00A1DE61	같을 때도 있는 법.
0x00A1DE9A	좋으라고 작전 짠 거다.
0x00A1DF63	여기로 향하는 듯해
0x00A1DF8B	여기에 도착해?
0x00A1DFFD	위험한 9일이 되겠군.
0x00A1E02C	반드시 손에 넣겠어.
0x00A1E048	저 전차 있으면
0x00A1E063	잘　싸울　듯해
0x00A1E078	신형전차 쓰면
0x00A1E08C	아군　피해도　줄겠네
0x00A1E0F1	오늘　안에　해내야　해
0x00A1E151	오늘 안에 작전을 성공시켜야 해.
0x00A1E1C4	이걸로　아마
0x00A1E1D3	적　군사력에　한발　접근
0x00A1E1FC	신형 전차 부대 사용이
0x00A1E27C	신형 전차는 지상전 특기인 나에게 맡겨.
0x00A1E2B9	애초에 네놈이 지휘하면,
0x00A1E3A0	싸움거리만　늘지　않길
0x00A1E3C8	우리　군의　승리는
0x00A1E3DF	이미 결정난 셈
0x00A1E3F4	신형전차　있으면
0x00A1E431	많은　아군이　구원되길
0x00A1E466	다시 한 번 기회를 노려 보자.
0x00A1E543	먼저　적을　전멸시켜
0x00A1E5E3	너무 느긋하게 일을 벌였을 뿐이다.
0x00A1E678	본부 설치가 끝난 듯합니다.
0x00A1E71E	세　사람뿐　아니라
0x00A1E77B	무슨 일이 있어도 지켜라.
0x00A1E7AC	돌아갈 곳은 없다고 여겨라
0x00A1E886	이 싸움은 끝나지 않아.
0x00A1E8C0	그런 일은 없다.
0x00A1E944	우리도 힘 보태고 싶어.
0x00A1E96E	병력은 못 내도
0x00A1E980	조력은 아끼지 않겠다고 해.
0x00A1EA39	공중전이　유리하겠군
0x00A1EA6E	공중 진군이 유리할 듯...
0x00A1EAF7	마지막이면
0x00A1EB57	적　마음대로　안　둔다
0x00A1EB89	우리　쪽이　가까워
0x00A1EBBA	적 배후로 도는 게 핵심.
0x00A1EBF6	조금은 배짱 있어 보이는군.
0x00A1EC1C	내겐 보인다!
0x00A1EC2E	여기서　적　약점으로　진격
0x00A1ECE7	직접 공격 한 방에
0x00A1EDAC	어리석군
0x00A1EDE4	물건과 죽을만큼
0x00A1EDF8	아직 안 몰락했다.
0x00A1EE53	나란　자가
0x00A1EE66	이런　꼴이　되다니
0x00A1F030	기쁘긴 하지만
0x00A1F0DC	그대들　도움　덕분이다
0x00A1F11B	감사를　표하겠다
0x00A1F215	블랙홀군 본거지를 함락시키지 않는 한
0x00A1F23F	진정한 싸움은 끝나지 않아.
0x00A1F264	이전보다　더
0x00A1F274	힘든 싸움이 될 듯해.
0x00A1F2BF	어떤 적이 나와도
0x00A1F3C9	아직 멀었구나. 멀었어.
0x00A1F4B5	대처가　관건이네
0x00A1F58C	대소　캐논이군
0x00A1F60A	어스군은 바다나 하늘서 공격해 보자.
0x00A1F688	역시군,
0x00A1F6D2	파이프 너머 이음매 노릴 수 있어
0x00A1F7EA	정보부 통신이 왔어
0x00A1F805	각지서　정체불명부대가
0x00A1F843	이 일을 전하라!
0x00A1F862	언제든 움직이게 해 둬라!
0x00A1F955	제자　상태　보러　왔다
0x00A1F9B3	선생　힘을
0x00A1F9C0	빌려주실까요?
0x00A1F9FD	그리고 선생은 공중전
0x00A1FA14	사령관이 3명 있으면
0x00A1FA8B	언제든 출격 가능!
0x00A1FBB1	원거리　일방　공격은
0x00A1FBCE	취향은　아니나
0x00A1FBF5	적 오기 전에
0x00A1FDD9	먼저　닿으면
0x00A1FE02	발사 가능해.
0x00A1FE79	힘　밀렸나
0x00A1FF09	아스카 미사일 기지가 있었기에
0x00A1FF2B	이길　수　있었다
0x00A1FF72	다음 전장으로 가라!
0x00A1FF99	승전　함성　올려라
0x00A1FFFF	이번　전장에서는
0x00A20012	미사일 기지 확보 우선이야.
0x00A20051	적에게 빼앗기지 않게 해
0x00A2006E	다리　막아
0x00A2009F	분명　이겨
0x00A200EC	다음엔 헛되이 안 해
0x00A20157	이번　전장에서는
0x00A2016A	미사일 기지 확보 우선이야.
0x00A201A9	적에게 빼앗기지 않게 해
0x00A201F7	분명　이겨
0x00A20213	작은 섬의 두 공장도
0x00A20256	적에게 안 뺏기게
0x00A20267	확실히 막아 둬!
0x00A202BC	다음엔 헛되이 안 해
0x00A203C7	그냥　넘어진　거야
0x00A2040C	나는　몰라도
0x00A20427	혹시 일이 생기면・・・
0x00A20455	후방에 남겼어야 했을지도.
0x00A20563	언제 이런 걸 만들었지.
0x00A20580	우리　영토에
0x00A205BC	녹슬게 해 주마!
0x00A20614	싸움의 핵심은 정보야.
0x00A20633	무리하면 피해가 늘어
0x00A2069B	한 번 해 보자.
0x00A207A8	저 대형요새를
0x00A207DD	8개　전부　부숴
0x00A20801	요새는 무력화되니
0x00A2090C	나라　힘을　모아
0x00A20949	떨어뜨릴 수 있는 게 아냐
0x00A20968	여기를 정리하면,
0x00A20992	처분해야 한다.
0x00A20A68	연구소 지도가 아니야.
0x00A20AD6	나중에 병력을 내보낼 거야.
0x00A20B09	키쿠치요님께　전하겠습니다
0x00A20B2F	여긴 어떻게든 해야겠네.
0x00A20CC2	격렬해질 것이다.
0x00A20CD9	어리광은 안 통해
0x00A20DA1	중립 공장이 2개뿐인 건 눈치챘느냐?
0x00A20E9A	정찰차　전선에　보내
0x00A20EBE	파악하며　전진해라
0x00A20F38	현지 물자는
0x00A21016	이　아름다운　바다를
0x00A210DD	전투　준비에　들어가라
0x00A2111D	정면　진군해도
0x00A21158	내 차례인 듯하군.
0x00A2125C	알 필요는
0x00A21281	곧　이　세계는
0x00A212CC	멸망시킬 뿐
0x00A212F7	싸움은 싫지만
0x00A21309	할 수밖에 없나
0x00A2132E	좋은 얘기 하나 해 주마.
0x00A21477	나를 이길 순 없을 게다.
0x00A21492	보병 얕보면 보병에게 당한다.
0x00A214FE	내 상대라고
0x00A21559	이 늙은이에게
0x00A215B6	선생　승리야
0x00A215F5	그러고 보니
0x00A21630	이 나라
0x00A2165F	모두가 겁낸
0x00A216A2	오늘　운　나쁘군
0x00A2177F	어쩌다　그런　얘기가
0x00A21820	역시 늙음엔 못 이기는구나.
0x00A21862	선생님 전투헬기 지휘가 훌륭한지는,
0x00A218B3	가운데 공항과 공장만 먼저 빼앗으면,
0x00A218DF	분명　승리할　겁니다
0x00A21970	역시　나이는　못이기나
0x00A219B2	선생님 전투헬기 지휘가
0x00A21A0B	선생은　보병　지휘도
0x00A21A56	먼저 가운데
0x00A21A63	공항 옆 공장 점령이 제일이야
0x00A21A8A	선생님 능력을 최대한 살리면,
0x00A21AAA	반드시 이길 수 있어
0x00A21B6B	저 산 위에서
0x00A21B7A	어찌쓰나
0x00A21BCC	적국 도시를 공격합니다
0x00A21C7E	보병 부대는 어찌 됐나
0x00A21C98	명령대로 배치했습니다
0x00A21D1C	적을 끌어들이는 미끼입니다
0x00A21D3B	빨리 점령당하면 곤란해
0x00A21DB1	우리 마을
0x00A21E2E	그냥　둘순없다
0x00A21E4B	저 마을
0x00A21E55	전략상 중요하지 않아.
0x00A22004	적　함정　조사할게
0x00A22061	말도 안될 병기 같아.
0x00A2207A	상하좌우 일직선 레이저를
0x00A22108	시제품이라 항상 쓸 수는 없어
0x00A2214C	유리하게 싸워
0x00A22194	칭찬해도 안 나와
0x00A221AF	오른쪽 위 도시 10개를 뺏기면,
0x00A222B8	병기일 뿐입니다
0x00A22316	앞으로가 문제입니다
0x00A223AB	이제 적은 없는 듯해.
0x00A223E9	감사 인사를 들었어
0x00A2245B	적 함정을 피해 모른 척했다면
0x00A224EC	고된　결단
0x00A22533	조금만
0x00A225A2	사령관 추정 인물 발견 보고
0x00A225DE	즉시 추격한다
0x00A2266F	해봐야　안다
0x00A22708	내　앞길에　적없다!
0x00A22784	우린 옐로 코멧 사람들을 지키기 위해 있다,
0x00A228BE	빈틈을 노려 가면,
0x00A229CC	하지만
0x00A22A22	전장이 남은 한
0x00A22ACB	다음　전장으로!
0x00A22C18	아버지와　선생님엔
0x00A22C60	다 새어나갔구나.
0x00A22DF9	내　승리잖아
0x00A22E0E	그렇게　안봐?
0x00A22E5B	그 전에 전멸해.
0x00A22F27	어느 생각이 옳은지
0x00A2304B	장난 아니란 말이야!
0x00A230A4	너도　같잖아
0x00A231C0	다를　것　없어
0x00A231DE	너도　깨닫게　돼
0x00A23246	그럼 또~
0x00A232BE	그렇게 되면 안 돼
0x00A23340	작전을 다시 짜야겠어.
0x00A23361	내 능력을 살리려면
0x00A23400	그렇게 유인한 뒤 공격하면
0x00A23453	자신 있는 색적 지도
0x00A2346B	다음엔 반드시 이긴다
0x00A234B0	몇 번이든 상대할게.
0x00A23540	거의 제로인 듯해
0x00A23559	우리에게 유리하게
0x00A235DE	무시해야 해
0x00A235FB	그럴 수도 있다.
0x00A2361D	제안받을 생각이다
0x00A23658	무기 버린 자엔
0x00A23699	도리에　어긋나오
0x00A236C4	아무도 없는 듯해
0x00A23708	저기 누군가 있는 듯하구나
0x00A23950	모든　공격을　막는
0x00A239B0	본부　점령　전까지
0x00A239C3	거기서　보고만　있어라
0x00A23A2B	비겁하다니　뜻밖
0x00A23A79	늙은이에 볼일 없습니다
0x00A23A94	내가 승자 되는 걸
0x00A23B2E	집중 공격으로
0x00A23BBB	압도적 우위가
0x00A23C36	아무것도 아니다
0x00A23C8B	저 세 포대라면.
0x00A23CA0	저걸 모두 떨어뜨리면
0x00A23D94	나를 화나게 하지 마라.
0x00A23DE8	이젠 싸우고 싶지 않다
0x00A23E03	편히　느긋이
0x00A23E42	비겁한　짓은　마라
0x00A23F1C	젊은이에게 자리 물려주시죠?
0x00A23F5D	늙은이 힘도 아직 쓸모 있다.
0x00A23F84	그렇게　말한　키쿠치요　일행　위해
0x00A23FD7	설마 다시 저와 싸우실 생각이세요?
0x00A24080	막아내는　것도　가능
0x00A24095	본부 방어를 굳히고,
0x00A240C4	이 몸으로도 이길 수 있지.
0x00A240F6	야마모토 브레이크는
0x00A24141	당신 힘이라는 것,
0x00A2418A	여기　같네
0x00A241B6	신형 전차가 개발 중일 거야.
0x00A2421B	18일　안에　연구소　점령
0x00A24239	적 전멸 시 도면 획득 가능
0x00A24270	느긋할 수는 없구먼.
0x00A243A8	조금 더 버텨라
0x00A24500	어떻게든 되겠구먼.
0x00A24518	내일 공격으로 어떻게든
0x00A24585	오늘내일　작전서　끝내야
0x00A24630	신형 전차 생산 가능해
0x00A246F9	그땐 잘 부탁해-
0x00A24750	레드스타로　돌아갑니다
0x00A24769	또 만날 땐
0x00A24784	이름도 안 말하고 가다니
0x00A247CA	또 만날 일도 있겠지요.
0x00A24804	최강 부대는,
0x00A2483F	얕볼 수 없는 개발력
0x00A24896	콩그는 뭘 하고 있는 걸까요
0x00A24900	안 돼...
0x00A24919	너라면 이 전투를 보고
0x00A24932	좋은 생각이 떠오른 것 아닌가?
0x00A249DD	육지뿐 아니라
0x00A249F4	공중 방어도
0x00A24A03	갖고 싶군.
0x00A24A42	지형 불리한 타국 싸움이다.
0x00A24A63	여기서 전멸하면 면목이 없지.
0x00A24AAC	이 나라에서 몰아낼 때까지,
0x00A24B32	내　이름을　함부로
0x00A24B68	예정보다 늦어지는 듯하지만
0x00A24B88	뭘　하고　있었나
0x00A24BD6	이런　소국　따위
0x00A24BE8	곧 지배해 보이겠습니다.
0x00A24C0B	내가 여기에 왔는가...
0x00A24C66	이 싸움 이기면
0x00A24CCE	이 전투 이기면
0x00A24CE1	적을　몰아내
0x00A24E63	이미 이겼어
0x00A24EA8	오랜만입니다.
0x00A24F30	함께 싸울 생각입니다
0x00A25260	이 싸움 승리는
0x00A25273	오래도록 전해지겠지
0x00A252C8	원군 와 주셔서,
0x00A2531F	우리도
0x00A25391	지금 도착한 듯하군.
0x00A253F2	싸우고 계셨습니까?
0x00A25427	힘은 엄청납니다
0x00A25483	그에게 패배 직전이라죠
0x00A2551A	모두 힘을 합치면
0x00A2559C	다음 전장으로 가야 해
0x00A255E9	헤아릴 수 없는 힘이 있어
0x00A25650	지체할 수
0x00A2565F	없습니다
0x00A256BD	힘을 보태지요
0x00A256CE	모두 힘을 합치면
0x00A25771	다음엔 쉬게 해줘~
0x00A257E9	평화가　돌아오네
0x00A2580D	느긋하게　지내겠군
0x00A25870	작전　다시　세우자
0x00A25907	먼저　하늘　장악이　유리해
0x00A25926	육지서　적을　막고
0x00A25939	내게 맡겨줘
0x00A259A6	파이프를 직접 노릴 수 있겠군.
0x00A259CC	이번엔 반드시 이겨야
0x00A25A96	스네이크에게 맡기십시오.
0x00A25B00	내 눈으로 지켜보겠다
0x00A25C52	물자와 자금이 모이는 듯해
0x00A25C78	다른 나라 보고도 같아
0x00A25D2A	지금도 여기 있다고 장담 못해...
0x00A25DAF	물자　자금을　모은다면
0x00A25DF4	다른 곳 일이라면
0x00A25E92	적 계략을 살피는 의미도 있습니다.
0x00A25EF4	시간　가면
0x00A25F01	적 방어도 단단해진다.
0x00A25FAC	정말 지켜야 할 게 없으면,
0x00A2601C	역시　대단해
0x00A26047	여긴　간접공격이　유효해
0x00A261D8	전군 미사일 발사대까지 퇴각하라.
0x00A26222	미사일 발사대까지 오너라.
0x00A262B0	적이 미사일 발사대 건설 중,
0x00A262EF	코스모랜드 다른 대륙을
0x00A26308	미사일 공격할 작정 같아.
0x00A26340	포로 적병의 말
0x00A26357	우리　독자　정보도
0x00A26497	그게 자연스러워
0x00A264B3	그냥 손놓고 있다는
0x00A264E3	병사　사기를　생각하면
0x00A264FA	빨리 끝내야 해.
0x00A2652E	꾸물대며 얘기해 봤자
0x00A265F4	언젠간 싸우게 돼.
0x00A26644	비장의 카드를 얻고 싶다면
0x00A2669F	반대는　없는　듯하군
0x00A266BF	이제 미사일 발사대로
0x00A26704	다음도 안 진다!
0x00A26725	낙승이라 이거지
0x00A26781	조금만　더　힘내자
0x00A2679C	다음도 힘낼게
0x00A267D8	다음 적은 더 강해
0x00A26874	더는 병사들에게
0x00A268E4	하나 알았는데,
0x00A268FB	적은　아마
0x00A26908	파이프 안에선 안 나오는 듯해.
0x00A269BB	차량계 유닛이야.
0x00A269D7	분명 도움 될 거야.
0x00A26AEF	어떻게 해야 이길까요?
0x00A26B28	타국인에게 묻기 전
0x00A26B3D	왜 내게 묻지 않는가
0x00A26B65	양쪽　수비군은
0x00A26B79	일단 공장을 차지하고 싶어.
0x00A26B9C	적 보병을 먼저 쓰러뜨리면,
0x00A26BEC	말　좀　들어라
0x00A26C00	적 해상부대 깊이 안 쫓아도
0x00A26C41	보급 수단을
0x00A26C70	중앙 방어군은 부담이 커.
0x00A26CAE	조심해야겠네요
0x00A26CCD	그 역할은 키쿠치요에게!
0x00A26CE9	우리 군 힘,
0x00A26CF6	보여드리지요
0x00A26D17	다음엔 반드시 이기겠다!
0x00A26D87	시간　걸릴　듯해
0x00A26DE3	그렇게 못 기다려.
0x00A26E7A	바로 사용 가능.
0x00A26F6C	드디어군...
0x00A26FCE	작전밖에 못 세우는 여자군
0x00A27009	이리저리　다녔군
0x00A27092	슬픔도 전원이 맛보라.
0x00A270C5	미사일에 불타는 꼴을 봐라.
0x00A27106	그렇게 안 돼!
0x00A27140	발사대　접근조차　불가
0x00A2717B	얘기는　끝이다
0x00A271D0	못　간다니　대체
0x00A2725A	자신감의 원천인가.
0x00A2728C	입막는 편이
0x00A272AC	피해 갈 수도 없겠군.
0x00A272D1	상대 방어를 약화시키고
0x00A2738A	먹잇감　되어라
0x00A273B8	내일이면 미사일 발사 가능!
0x00A2741C	내일이 기대돼! 큰 불꽃이야~!
0x00A27560	마지막 마무리를 해 볼까.
0x00A27597	서둘러 발사대로 진격!
0x00A275E0	이게　끝이네
0x00A276B9	딴 건 신경 쓰지 마.
0x00A2776A	완전히 멈췄습니다!
0x00A27800	이대로 끝나지 않는다.
0x00A27B1D	할 말 있으면 앞으로 나와라.
0x00A27B48	무슨 일이야!?
0x00A27B80	내　힘이　어디까지인지
0x00A27CB8	그저　움직였다
0x00A27F88	내 존재를 기억해 둬라.
0x00A28029	또 격퇴하면 돼.
0x00A28050	충분히 대비해야 해.
0x00A280A3	나중 얘기는
0x00A28170	이렇게 마크로랜드에는
0x00A28249	너희 뜨거운 싸움을 보니
0x00A2835E	건강해 보여 다행!
0x00A283B2	함께 선생께
0x00A28722	나도 본국으로
0x00A2876A	이런　일　안　나게
0x00A287E8	이런　일　안　나게
0x00A28802	이글　공중전　외를　도와줘
0x00A28B0C	노병은　안죽어
0x00A28B64	우린　최강　누구라도
0x00A28BC3	각자 집으로 돌려보내
0x00A28C90	다음 일격 막아야 해.
0x00A28CA8	작전 재검토가 필요해...
0x00A28CD2	좋은 작전이 떠오르나?
0x00A28D18	헬 레이저와 캐논은 확실히 강력해
0x00A28D48	정면의 적에게만 통하는 듯하네.
0x00A28D84	정면　섬의　적을
0x00A28E47	파이프　따윈　한방
0x00A28ECE	분명 도움 될 겁니다!
0x00A28F45	다음엔 반드시 이기겠네!
0x00A2901D	다음 일격 막아야 해.
0x00A29038	작전 재검토가 필요해...
0x00A29062	좋은 작전 떠오르나?
0x00A2920B	파이프 따윈 한 방!
0x00A29292	공수 뛰어난 우리 군에,
0x00A2932E	다음엔　반드시　이겨
0x00A294E4	장비없음
0x00A295EC	직격
0x00A29840	메테오강타
0x00A29906	표시안함
0x00A2992C	맵 나가기
0x00A29AC1	이동쉬움
0x00A29AD4	방어낮음
0x00A29AFD	지상 유닛 중 보병계
0x00A29B3D	이 지형 보병은
0x00A29B95	에 인접하지 않으면,
0x00A29C06	지형이지만 방어엔
0x00A29C4A	육상 유닛 회복 보급이
0x00A29C63	가능
0x00A29C90	이동 가능
0x00A29CC4	지상 유닛 회복 보급
0x00A29CDB	가능.
0x00A29CE8	공항 도시
0x00A29D12	공중 유닛 생산 회복
0x00A29D29	보급 가능.
0x00A29D38	항구 도시
0x00A29D60	해상 유닛 생산 회복
0x00A29D77	보급 가능.
0x00A29D88	육지를 잇는 다리
0x00A29D9B	이동　쉬우나
0x00A29DAA	지형 효과 없음
0x00A29DC0	육지에서 바다로
0x00A29DDD	승하선이
0x00A29DF5	지형 효과 없음.
0x00A29E08	공장 보유 도시
0x00A29E32	육상 유닛 생산과
0x00A29E45	회복　보급　가능
0x00A29E75	매우 두꺼운 장갑으로
0x00A29EA7	모든 유닛 진입 불가.
0x00A29EE2	다른　파이프보다　장갑이
0x00A29F04	미사일　기지　보병계라면
0x00A29F1D	1발만 발사 가능.
0x00A29F36	사거리 무한 착탄점
0x00A29F4D	에서 2칸 범위 공격.
0x00A29FE6	신형전차 연구를
0x00A2A01D	공격 사거리 강력
0x00A2A069	공격/사거리 모두 캐논
0x00A2A082	밀리지만 강력
0x00A2A0D0	무차별　관통
0x00A2A124	가끔 화산탄을 뿜는다.
0x00A2A13D	모든 유닛 진입 불가.
0x00A2A1DF	쓰면 연사 불가
0x00A2A21A	파이프와 같은 장갑
0x00A2A390	좋아함　손가는학생
0x00A2A3A7	싫어함: 한가한 날
0x00A2A418	예상보다　강력한
0x00A2A42B	일격이　잘　나오고
0x00A2A440	적　많이　격파
0x00A2A474	예상보다　강력한
0x00A2A487	일격이　잘　나오고
0x00A2A49C	적을 더 쓰러뜨릴 수
0x00A2A4D4	기계광 활기찬 소년
0x00A2A4ED	생각나면 바로
0x00A2A502	행동하는 타입
0x00A2A511	동료를 아낌
0x00A2A52C	좋아함 기계
0x00A2A539	싫어함 기상
0x00A2A563	약점　없고　다방면
0x00A2A57A	상황마다 활약 가능.
0x00A2A5D4	공격력　상승
0x00A2A5E5	이동력　1　증가
0x00A2A622	비뚤어진 일 싫어함
0x00A2A63A	좋아함　강한자
0x00A2A660	보병계 제외
0x00A2A68A	직접 공격 특기.
0x00A2A69B	간접공격 사거리가
0x00A2A6B2	사거리　짧고　공격력　낮음
0x00A2A6D0	직접 공격 유닛의
0x00A2A6E9	공격력　상승
0x00A2A6FA	이동력　1　증가
0x00A2A710	직접 공격 유닛의
0x00A2A740	이동력　2　증가
0x00A2A7D0	설국 출신이라 눈에서도
0x00A2A7EB	이동력　안　떨어지나
0x00A2A802	비　오면　이동력　저하
0x00A2A830	확실하기 때문에
0x00A2A845	딱히 약점 없음.
0x00A2A86B	눈　내려　이동　방해
0x00A2A8A3	눈 내려 이동 힘들게
0x00A2A8C5	게다가 강한 눈보라로
0x00A2A90C	도미노 사령관
0x00A2A940	특수부대　대장으로
0x00A2A9A0	보병계　공격력　높고
0x00A2A9F7	직접공격　약함
0x00A2AA08	보병계 이동력 1 증가
0x00A2AA21	공격력　상승
0x00A2AA34	보병계 이동력 2 증가
0x00A2AA4D	공격력이 크게 오른다.
0x00A2AA77	한번에 점령 가능
0x00A2AAAB	위기때　믿음직하다
0x00A2AB0C	간접공격 사거리
0x00A2AB1D	1 길고 공격력 높지만,
0x00A2AB49	직접공격　약함
0x00A2AB5C	간접공격 사거리
0x00A2AB6D	다시 1 증가,
0x00A2AB90	간접공격 사거리
0x00A2ABA1	추가　2증가
0x00A2AC45	방어력도 높지만
0x00A2AC5A	생산비도　높음
0x00A2AC70	전체 유닛 공격력이
0x00A2ACA5	방어력도 오르며, 추가로
0x00A2ACBE	반격시　공격력
0x00A2AD14	침착해 선공보다는
0x00A2AD2F	대기 전략 특기.
0x00A2AD92	내 HP를 상대에게서
0x00A2ADD7	반격시에만　강함
0x00A2ADF0	모든 유닛 시야가
0x00A2AE03	다시 1 증가,
0x00A2AE4B	1 더 증가
0x00A2AE97	선제공격 가능해진다.
0x00A2AEDC	아버지를　동경해
0x00A2AF3F	실력이 좋아서, 다른 사령관
0x00A2AF5A	연료　소모　적고
0x00A2AF71	공격/방어력도 높다.
0x00A2AF88	단 해상 유닛의
0x00A2AFB5	공격/방어력이 오른다.
0x00A2AFDD	공격/방어력이 오른다.
0x00A2B022	한 번 더 행동시킬 수
0x00A2B03B	가능
0x00A2B078	자주 달래고 있다
0x00A2B0C4	해상 유닛 이동력이
0x00A2B0D9	1 증가 방어력 높음
0x00A2B10B	서툴고 공격력 낮음.
0x00A2B122	비에도 이동력 안 줄어
0x00A2B17D	연료 절반 감소
0x00A2B1D3	연료 절반 감소
0x00A2B1E8	자기와 적 턴에 비를
0x00A2B1FF	비　내려　이동력　저하
0x00A2B233	모든　것은　수수께끼
0x00A2B2C0	어떤 지형도 비용을
0x00A2B2D5	무시하고 이동 가능
0x00A2B304	하늘에서 큰 운석을
0x00A2B379	공격/방어력이 오른다.
0x00A2B3AB	힘을 가진 군의 병사
0x00A2B429	힘으로 밀어붙여
0x00A2B46C	생각보다　못　쓰러뜨릴
0x00A2B4BE	강력한 일격도 나오고
0x00A2B4E8	공격이 약해진다
0x00A2B5F5	뜻대로　안　되면　싫어
0x00A2B610	지형을 잘 이용하는 게
0x00A2B629	지형효과　특기
0x00A2B668	지형 효과 그대로
0x00A2B67B	공격력에　더해지고
0x00A2B694	전 유닛 이동 비용이
0x00A2B6B8	지형 효과 2배가 되고,
0x00A2B6FD	전 유닛 이동 비용이
0x00A2B724	자기애 성격
0x00A2B737	자기 능력에 절대적인
0x00A2B74E	자신감도　있다
0x00A2B7F4	전체 유닛 이동력이
0x00A2B814	전체 유닛 이동력이
0x00A2B85C	목적을 위해서라면,
0x00A2B873	수단 안 가림
0x00A2B8B0	전체 유닛 공격력이
0x00A2B8E0	브레이크 잘 안 쌓임.
0x00A2B9AC	레드스타　전직　장교
0x00A2B9E0	전작에서 돈 벌어서,
0x00A2BA58	유닛을 싸게 살 수
0x00A2BAAA	싸게 생산 가능.
0x00A2BAC4	저렴하게 생산하고
0x00A2BAD7	세계에서 하치의
0x00A2BB08	아군 도시 지상 유닛이
0x00A2BBEA	전　유닛　싸게　구매
0x00A2BC1C	모든 유닛 공격력이
0x00A2BC3C	현재 군자금 1점5배로
0x00A2BC8C	군자금 많을수록
0x00A2BCB8	용감한 여성 전차병.
0x00A2BCD1	기세　강해　이글과
0x00A2BD05	실력으로　지위　획득
0x00A2BD1C	민들레　좋아
0x00A2BD44	차량계　공격력　높음
0x00A2BD5B	보병　공중　해상계
0x00A2BD80	차량계　공격력　상승
0x00A2BD99	이동력　1　증가
0x00A2BDAC	탄약과 연료 보급도
0x00A2BDD8	차량계　공격력　크게
0x00A2BDEF	상승　이동력　2　증가
0x00A2BE0A	탄약과 연료 보급도
0x00A2BE4B	예전엔　이름난　사령관
0x00A2BE81	키쿠치요　스승
0x00A2BE92	한가한　비　좋아
0x00A2BEC4	보병계　공격력　높고
0x00A2BEDB	수송계 이동력도 1 증가
0x00A2BEF6	전투헬기 지휘가 뛰어나며
0x00A2BF11	능숙하고 공격력 높음.
0x00A2BF28	차량/해상 공격은 약함
0x00A2BF44	전투헬기　공격력　상승
0x00A2BF5F	또한 아군 도시 위에
0x00A2BF78	체력 9 보병을 강하
0x00A2BF9E	강하 후 바로 행동 가능
0x00A2BFBC	전투헬기　공격력　상승
0x00A2BFF0	체력 9 바주카병
0x00A2C023	강하 후 바로 행동 가능
0x00A2C040	스토리를 즐기며 플레이하는 모드
0x00A2C0C0	설정을 정해 친구나 컴퓨터와 대전합니다
0x00A2C1B8	획득 포인트로 여러 물건 구매 가능
0x00A2C1E8	지도 제작과 사령관 색상 설정 가능
0x00A2C238	사령관 색상 설정 가능
0x00A2C25C	친구와 연결해 대전/지도 교환 가능
0x00A2C2F4	있음으로 하면 유닛 시야 밖이 안 보임
0x00A2C358	거점수입 설정
0x00A2C378	지정일 끝나면 거점 수로 승부
0x00A2C3A8	지정 거점 보유 시 우세 승리
0x00A2C404	애니 없음
0x00A2C41C	전투 점령 애니 있음
0x00A2C440	전투 애니만 표시
0x00A2C45C	플레이어 애니만 표시
0x00A2C484	같은 팀 선택 시 동맹국 설정
0x00A2C570	애니 없음
0x00A2C588	전투 점령 애니 있음
0x00A2C5AC	전투 애니만 표시
0x00A2C5C8	플레이어 애니만 표시
0x00A2C644	만드는 법은 「도움말」에 있습니다.
0x00A2C748	병종 또는 생산 거점이 1개 이상 필요합니다.
0x00A2C950	바다로 전부 칠하시겠습니까?
0x00A2C9B4	숲으로 전부 채우시겠습니까?
0x00A2C9FC	종료할까요
0x00A2CA10	저장 안 함 종료할까요
0x00A2CABC	연타를 무척 좋아하나 보네.
0x00A2D54C	러브섬
0x00A2D5C8	내일로 7일간
0x00A2D650	내일향한 7일
0x00A2D684	전차대　격파
0x00A2D6AC	검은 악마를 막아!
0x00A2D6F0	푸른달　영원히
0x00A2D72C	하시다테전
0x00A2D73C	지킬 것
0x00A2D780	바다는　누구것
0x00A2D7C4	포로　우군
0x00A2D8E0	내 이름은 「하치」다! 잘 부탁한다!
0x00A2D936	여기서 사용 가능.
0x00A2D976	지도 등 여러 가지가 늘어난다.
0x00A2D9D7	오늘은　뭘　살래
0x00A2D9F0	물건없어
0x00A2DAF1	구성이 맘에 안 들 때는,
0x00A2DB85	바로 다음 물건도 들어올 수 있어!
0x00A2DBF8	한 번 클리어로는 아직 멀었다!
0x00A2DD22	다른 사령관도 써 봐
0x00A2DEDD	무리해서 스페셜만 쓰진 않나?
0x00A2DF06	상황따라　일반　브레이크　연속도
0x00A2DF82	남은 파워가 게이지에 남는 건
0x00A2DFC0	브레이크 중엔 게이지가 안 차.
0x00A2DFE7	세상은 그렇게 만만치 않아.
0x00A2E168	공중 해상 유닛이 약하다 해도
0x00A2E1D9	공중 해상 유닛도 보급하는 곳이
0x00A2E238	말 많은 건 나쁜 버릇!
0x00A2E3A0	선생　브레이크는　보병　바주카를
0x00A2E3C7	늘리기만 한다니, 무시하나?
0x00A2E723	자잘한 얘기는 제쳐 두고,
0x00A2E7E3	트라이얼에선 쓰기 어려운 사령관
0x00A2E848	열심이군
0x00A2E8D0	전부　그　아이　발명품
0x00A2E90E	내　집에　수영장이라도
0x00A2E9FA	약점이 없다는 건 바로
0x00A2EB9E	저런 녀석과 정면으로 싸워 이길 녀석은
0x00A2EF07	사용 가능해진다!
0x00A2EF47	사용 가능해진다!
0x00A2EF85	사용 가능해진다!
0x00A2EFC5	사용 가능해진다!
0x00A2F01C	드디어 내 차례군.
0x00A2F033	내가 사용 가능해진다!
0x00A2F51B	내 취향은 야마모토 선생님 테마다!
0x00A2F65B	하드면　포인트　많이　얻어
0x00A2F729	사무라이 요새 선택 가능!
0x00A2F8C5	「세 개의 화살」 선택 가능!
0x00A2F909	스트롱랜드 선택 가능!
0x00A2FA90	프리 배틀 4P 새 맵
0x00A2FCC1	「사국 통일」을 선택할 수 있게 된다!
0x00A2FDF0	오늘은　장사　끝
0x00A2FE77	다음도 안 진다
0x00A2FE93	아직 더 가능해!
0x00A2FEB5	식은 죽 먹기다!
0x00A2FF0D	다음엔 더 버텨 보라고!
0x00A2FF63	가는길　한잔할래
0x00A2FF89	겨우　이겼습니다
0x00A2FFAD	또 덤벼 보거라
0x00A2FFD7	싸움은 힘만이 아냐
0x00A30114	네놈이 약하진 않아
0x00A3012B	내가 강했다
0x00A3013C	헬보우즈다
0x00A301BC	운도　실력이야
0x00A302AC	이게 내 방식이다!
0x00A3031C	오라오라! 버둥대도 늦어!
0x00A3048C	초조하면 져
0x00A304A8	하늘이여! 이 몸의 소리를 들어라!
0x00A30520	사람도　기계도　자연엔　못　이겨
0x00A305B8	한 번 해 볼까!
0x00A30620	도망쳐도 소용없어!
0x00A30640	너무　화내지　마라
0x00A30696	머리　좀　식혀라
0x00A306B0	내 칼의 녹이 되고 싶은
0x00A30722	날　막을　수　없다
0x00A30788	무슨　일에도　흔들리지　않아
0x00A307AC	적이지만　멋진　전투였다
0x00A307C6	이쪽도 전력으로 상대하마!
0x00A307E8	진심으로 간다.
0x00A30860	힘이 전부가 아님을 보여 주겠어!
0x00A3088C	내 전법 흉내는 못 내!
0x00A30904	잡병엔 볼일 없다...
0x00A30930	전기체　공격준비
0x00A30942	녀석들에게 후회할 틈도 주지마!
0x00A30968	전투는 속도가 생명!
0x00A30A6C	함선 운용으론 지지 않아!
0x00A30AFC	살아 돌아가지 못해!
0x00A30CE4	눈에 거슬려, 사라져!
0x00A30D5C	찔끔찔끔　귀찮게　구네
0x00A30DCC	공포에 질린 표정
0x00A30E74	나와　싸웠던　것
0x00A30EDC	…이걸로 끝이다.
0x00A311D4	쉽게 포기 안 합니다!
0x00A31254	어떤 적이든 전력으로 간다!
0x00A31374	이쯤서　크게　승부다
0x00A313FC	전쟁은　아무것도　못　낳아
0x00A31418	이 싸움 끝나면 고국으로 돌아가라.
0x00A31455	가장 싼 유닛으로,
0x00A31474	가능하지만 공격력
0x00A314BA	이동마다 줄고 없어지면
0x00A314D7	없어지면　이동　불가
0x00A314F2	주포 없음.
0x00A31500	보병 타입 이동 가능
0x00A3152C	대부분 지형 이동 가능하나
0x00A315A4	부포로 보병계 공격력
0x00A315D9	대등하게 싸워
0x00A31640	부포로 헬기계 공격력
0x00A316AD	점령　가능　공격강함
0x00A316C2	대부분 지형에서 같은
0x00A316D9	이동 비용이 같다
0x00A31733	가능
0x00A3174F	주포 탄약이 떨어지면
0x00A31768	자동으로 부포로 바꿔
0x00A317B2	이동마다 줄고 없어지는
0x00A317CF	이동 불가가 된다.
0x00A317E4	주포로　보병계　외의
0x00A317FB	육상 유닛 공격력
0x00A31848	부포로 보병계 공격력
0x00A3188C	부포로　보병계　외의
0x00A318A3	육상 유닛 공격력
0x00A318BA	그럭저럭 위력 있음.
0x00A318D0	부포로 헬기계 공격력
0x00A31924	차량계 유닛.
0x00A31935	정찰용　유닛
0x00A31996	넓은　시야를
0x00A319B0	타이어 타입 이동 가능
0x00A319DC	타이어라 평지에서
0x00A319F3	생각대로 이동 불가
0x00A31A14	주포 없음.
0x00A31A50	보병계　외　상대로
0x00A31A65	강하지　않음
0x00A31A8F	보병계 공격력
0x00A31AAC	에 대해 높은
0x00A31AD4	부포로　보병계　외의
0x00A31AEB	육상 유닛 공격력
0x00A31B02	경전차나 중전차엔
0x00A31B15	상대 안 돼
0x00A31B9E	싸고 이동력이 있어
0x00A31BC8	전차 타입 이동 가능
0x00A31BF2	어떤 지형에서도 별로
0x00A31C09	발이 묶이지 않고 전진
0x00A31C9A	가능
0x00A31CB5	주포　탄이　떨어지면
0x00A31CCE	자동으로　부포로　교체
0x00A31DFB	불가.
0x00A31E21	보병계　공격력
0x00A31E5C	의 기관총으로,
0x00A31E6F	보병계　외　지상　유닛에
0x00A31EC5	헬기계　공격력
0x00A31EE6	상대엔
0x00A31F15	신형 전차만 빼면,
0x00A31F3F	지상　최강　전차
0x00A31FA1	주포 탄약이 떨어지면
0x00A31FBA	자동으로 부포로 바꿔
0x00A31FE0	중전차포로 보병계 외
0x00A32031	같은 중전차에는 호각.
0x00A320DB	불가.
0x00A32101	보병계 공격력
0x00A32155	보병계 외 지상 유닛에
0x00A3216E	공격력.
0x00A3217D	거의 대등하게 싸워
0x00A321AD	헬기계　공격력
0x00A32209	보병계 유닛을 운반하고
0x00A3224B	가능.
0x00A3226A	불가.
0x00A32289	간접 공격 가능한 유닛의
0x00A322BC	전차 타입 이동 가능
0x00A322E6	평지에서도 발이 안 묶여,
0x00A32361	다른 유닛 시야가 필요하다.
0x00A323BA	가능
0x00A323F8	는　불가
0x00A3242F	불가
0x00A3244C	가능
0x00A324BC	타이어 타입 이동 가능
0x00A324E8	평지에서는 이동력 저하로,
0x00A3250D	보다 이동 어려움.
0x00A325D6	불가.
0x00A32620	가능
0x00A3263D	보병계　공격력
0x00A326AC	안정된 강함 보유.
0x00A326D5	함선계 공격력.
0x00A326EA	대등 이상으로 강함
0x00A3272F	공격력. 상당히 강한
0x00A32769	불가.
0x00A32785	대지 대공 공격 가능
0x00A3279E	보병계 공중엔 강하나
0x00A32808	가능
0x00A32842	불가능
0x00A32895	일격으로 쓰러뜨림
0x00A32901	대등하게 싸워
0x00A329A1	간접 공격 가능
0x00A329B2	공중 유닛에 강함.
0x00A32A1C	대공 미사일 탄수
0x00A32A4A	불가능
0x00A32A5C	대공 미사일로 헬기에
0x00A32AA0	대공 미사일로,
0x00A32AF9	이 범위 공중 유닛에
0x00A32B16	가능
0x00A32B5D	이동력　최고
0x00A32B70	주포 대공 미사일
0x00A32BA2	가능
0x00A32BAC	대공 미사일 탄수
0x00A32BF0	대공 미사일로 헬기에
0x00A32C85	그 외 공중 유닛에 강함.
0x00A32CB3	육상 해상에 매우
0x00A32CD6	가능.
0x00A32D42	불가
0x00A32D50	폭탄으로　보병계에
0x00A32D90	폭탄으로 보병계 외의
0x00A32DC2	중전차　이상　위력
0x00A32E2D	공격력. 상당히 강함.
0x00A32E69	불가.
0x00A32EDE	공중 유닛 중 가장
0x00A32F32	가능
0x00A32F51	주포　탄약이　떨어지면
0x00A32F6A	자동으로 부포로 바꾸고
0x00A32FA3	보병계　외　지상　유닛에
0x00A32FD5	유닛과 대등히 싸운다
0x00A33003	함선계　공격력
0x00A33018	호위함과는 호각이지만,
0x00A33035	그 외엔 별로 강하지 않다.
0x00A33073	잠수함　공격력은　약함
0x00A330B1	불가.
0x00A330F0	가능
0x00A330FC	부포로 보병계에
0x00A33184	부포로 헬기계에
0x00A331CB	에 강함.
0x00A33237	불가.
0x00A3325F	더 넓은 공격
0x00A3326E	범위를　가졌다
0x00A33297	는 전 유닛 중
0x00A332A8	최대　사거리　보유
0x00A3332E	불가.
0x00A3343F	잠수함　공격력　매우　강함
0x00A3347B	불가.
0x00A334A1	공중 유닛에 강함.
0x00A334C5	두 유닛 탑재 가능
0x00A334F9	공격력
0x00A33510	에만 공격 가능하지만,
0x00A33571	공격력
0x00A33591	격파 가능.
0x00A335CE	호각으로　싸울　공격력
0x00A33615	2유닛 탑재 가능.
0x00A33686	시야는　기대하지　마
0x00A336B4	은 무기가 없는
0x00A336D5	할　수　없다
0x00A3371C	공격받지　않게　되고
0x00A33739	붙지　않으면　발견　안　돼
0x00A3377C	불가.
0x00A337C3	최대 시야 보유.
0x00A338A0	대부분 지형을 비용 1
0x00A338BD	로 이동 가능
0x00A338CC	타이어 타입 이동 가능
0x00A338F8	타이어라 평지에서는
0x00A3390F	뜻대로 이동 못 한다.
0x00A33928	전차　타입　이동　가능
0x00A3396D	이동력 잘 안 떨어짐
0x00A33988	비행　타입　이동　가능
0x00A339B2	비행 타입은 지형 영향
0x00A339CB	지형　이동력　변화　없음
0x00A339E4	배 타입 이동 가능
0x00A33A0C	바다 암초 이동 가능
0x00A33A24	수송함 타입 이동 가능
0x00A33A50	함선 타입과 차이는
0x00A33A65	얕은 여울 이동 가능
0x00A33B26	이동마다 줄고 없어지면
0x00A33B43	없어지면 이동 불가
0x00A33C6C	가능
0x00A33C85	주포 탄약이 떨어지면
0x00A33C9E	자동으로 부포로 바꿔
0x00A33CE8	주포로　보병계　외의
0x00A33D81	불가
0x00A33DC6	중전차 이상 위력
0x00A33E14	가능
0x00A33E2F	주포 탄약이 떨어지면
0x00A33E48	자동으로 부포로 바꿔
0x00A33EB8	신형포로 함선에
0x00A33EDA	로켓포보단 조금 못하지만,
0x00A33F29	공격력은 약한 편.
0x00A33F63	불가
0x00A33F8B	보병계 공격력
0x00A3400F	부포로도 호각이다.
0x00A34064	상대로도
0x00A3406F	약간 피해를 준다
0x00A3408C	본부 점령 또는 적 전멸로 승리.
0x00A340C0	본부 점령 또는 적 전멸로 승리.
0x00A340F4	본부 점령 또는 적 전멸로 승리.
0x00A34128	본부 점령 또는 적 전멸로 승리.
0x00A341F8	7일 안에 연구소 점령이나
0x00A34274	본부 점령 또는 적 전멸로 승리.
0x00A342A8	여긴 적 전멸로 승리!
0x00A342DC	본부 점령 또는 적 전멸로 승리.
0x00A34310	대형 미사일 기지 주변 도시를
0x00A34360	14일 동안 본부를 지켜
0x00A3437F	본부를 지켜내!
0x00A34398	아군 본부 위에
0x00A343F8	15일 안에 연구소 점령이나
0x00A34478	본부 점령 또는 적 전멸로 승리.
0x00A344CD	미니캐논 8개 격파하면 승리!
0x00A344F4	본부 점령 또는 적 전멸로 승리.
0x00A34528	적을 완전히 전멸시키자
0x00A34551	우상단 10도시를 지켜
0x00A34580	적 전멸로 승리야
0x00A345C8	아군 본부 위 3개 미니캐논을
0x00A34614	18일 안에 연구소 점령이나
0x00A34660	힘든 싸움 끝, 승리는 눈앞이야!
0x00A346D5	미니캐논 8개 격파
0x00A34719	격파하면 승리
0x00A34755	17일 안에 포위 전함 격파
0x00A34784	레이저포 4개 격파나
0x00A347D8	본부 점령 또는 적 전멸로 승리.
0x00A3480C	본부 점령 또는 적 전멸로 승리.
0x00A34844	9일 안에 연구소 점령이나
0x00A348B7	이길 수 있어
0x00A34917	격파하면 승리
0x00A3495E	30일 안에 헬레이저 격파하고
0x00A34990	본부 점령 또는 적 전멸로 승리.
0x00A349C4	본부 점령 또는 적 전멸로 승리.
0x00A34A3C	본부 점령 또는 적 전멸로 승리.
0x00A34A70	적 전멸로 승리야
0x00A34AAC	적 전멸로 승리야
0x00A34AE8	7일 안에 연구소 점령이나
0x00A34C2E	저장 데이터 모두 삭제.
0x00A34C66	저장 데이터 삭제 중
0x00A34DD8	전투 점령 애니
0x00A34DEF	를 표시
0x00A34E0B	을 표시
0x00A34E27	전투 애니 표시
0x00A34E40	애니 없음
0x00A34E7F	더는 생산 불가
0x00A34E98	미사일 발사 지점 선택
0x00A34F98	친구들이 모이면 시작 버튼 눌러줘!
0x00A34FEC	지도를 보낼 사람을 골라!
0x00A350B4	지도 수신 중, 잠시만 기다려!
0x00A35228	하나의 카트리지로 대전 가능
0x00A35258	친구와 케이블 대전 가능
0x00A35280	친구와 케이블로 맵 교환 가능
0x00A354E8	24 레드스타 영토
0x00B81884	대잠미사일
0x00B818B4	2-6거리
0x00B818F4	대지미사일
0x00B81970	대공미사일
0x00B819B8	3-5거리
0x00B819DC	2-3거리
0x00B81A20	보급수송차
0x00B81A60	경전차포
0x00B81A94	중전차포
0x00B81AD8	전투공병
0x00B81B14	장비 없음
0x00B81D80	최강 라이벌
0x00B81D94	칠흑숲 결전
0x00B81DB4	두 명의 료
0x00B81DC4	싸움 뒤편에서
0x00B81DD4	거대 날개
0x00B81DE8	해전
0x00B81DF0	캡틴 모프
0x00B81E08	아스카 목표
0x00B81E1C	도미노 능력
0x00B81E2C	분단 작전
0x00B81E38	키쿠치요 실수
0x00B81E50	최강 키쿠치요부대
0x00B81E64	키쿠치요 등장
0x00B81E78	특수부대 도미노
0x00B81E8C	세명 과거
0x00B81E98	설원 전투
0x00B81EA8	스나이퍼
0x00B81EB8	호이프 해군 터보
0x00B81ED0	호이프 해군
0x00B81EE0	맥스 약점
0x00B81EF4	맥스 출격
0x00B81F04	하늘 용사
0x00B81F10	건 파이터
0x00B81F24	개전
0x00B81F2C	과외수업
0x00B81F38	결전
0x00B81F40	은빛 세계
0x00B81F4C	바다 너머
0x00B81F5C	도그 파이트
0x00B81F70	대공 제압
0x00B81F80	하늘의 적
0x00B81F98	드래곤 플라이
0x00B81FAC	최강 중전차
0x00B81FC4	적 부대 격파
0x00B81FDC	고물 전차 출격
0x00B81FF4	전선 기지 확보
0x00B8200C	첫 전투
0x00B82018	전투 개시
0x00B827D0	통신4
0x00B827DC	통신3
0x00B827E8	통신2
0x00B827F4	통신1
0x00B828D0	공격기
0x00B828D8	대공미사일
0x00B828E4	대공자주포
0x00B828F0	열차포
0x00B828F8	보급차
0x00B82900	신형전차
0x00B82914	중전차
0x00B82D58	지도 나감
0x00B82D82	애니 없음
0x00B82FAC	저장 중 전원 끄지 마
0x00B830C8	지도　보낼　상대없어
0x00B83130	친구들이 모이면 시작 버튼 눌러줘!
0x00B8322C	전송 중. 잠시 기다려 주세요.
0x00B837A4	통신
0x00B83830	이어하기
0x00B839B4	매턴 수입
0x00B839D0	사령브레이크
0x00B839E0	날씨
0x00B83A64	여기까진 안 하려 했는데
0x00B83CC0	키쿠치요 특전부대 힘을 보여 주마!
0x00B83D68	누군진 몰라도 내게 싸움을 건 게
0x00B83DB0	도미노 능력, 유닛 위치는...
0x00B83EB8	이 정도면 됐나?
0x00B83F28	도미노 장군을 다치게 하긴 싫지만...
0x00B83F74	이글! 너 적당히 좀 해!!!
0x00B83FA8	시간 맞췄네, 다행이다 다행이야.
0x00B84020	뭐됐어
0x00B84064	브레이크 모드 기동
0x00B84298	최강　힘을　받아라!
0x00B848BC	텐구노하나 지도
0x00B84930	빅토리 라인의 지도
0x00B84A48	아코디언　도로　지도
0x00B84BA0	지혜고리섬　지도
0x00B84BB4	코츠부섬 지도
0x00B84C4C	사령관 모프
0x00B84CB8	사령관 캐서린
0x00B84E50	메테오
0x00BE701C	거점 전멸 불참?
0x00D75917	비카가루진동
0x00D82058	만드는 법은 「도움말」에 있습니다.
0x00D820E7	플레이 방법이 있으니 꼭 읽어 봐.
0x00D8215C	병종 또는 생산 거점이 1개 이상 필요합니다.
0x00D82364	바다로 전체를 칠할까요?
0x00D823C8	숲으로 전체를 채울까요?
0x00D82410	종료할까요
0x00D82424	저장 안 했는데 종료할까요?
0x00D824B0	연타를 무척 좋아하나 보네.
0x00D83138	0123456789규칙정찰날씨장군브레이크초기수입매턴수입거점있음없음맑음눈비랜덤
0x00D83278	도움말자료 전체지도 파일로드 저장이름 종료클리어 바다평지 산숲칠 정보자동
0x00D8F33D	그래서 호이프도 병력이 적어
0x00D8F377	너에게는
0x00D8F393	2부대가
0x00D8F3DE	파란색은 적군 유닛
0x00D8F3FD	블루문 군 부대다
0x00D8F42A	적 유닛을 전부 해치우면
0x00D8F44F	작전 성공
0x00D8F466	이제 유닛에게 명령해 보자
0x00D8F496	명령은 이 커서를 쓰면
0x00D8F4BF	괜찮아.
0x00D8F4CD	방향 키로 움직여
0x00D8F4EE	우선 이
0x00D8F4FE	에게 명령하자
0x00D8F515	커서를
0x00D8F525	에 두고
0x00D8F53C	골라 줘
0x00D8F55E	거기 아냐
0x00D8F571	여기서 골라
0x00D8F58A	지금 한 건
0x00D8F5A5	유닛을 골랐다는 뜻이야
0x00D8F5D2	용어야
0x00D8F5F5	다음
0x00D8F60C	유닛을 고르면 이렇게
0x00D8F62F	주변 색이 바뀌어
0x00D8F64A	이 안에서 이동 가능해
0x00D8F677	먼저 적에게 다가가자
0x00D8F6A6	여기로 이동해
0x00D8F6CF	여기에 두고 이동해
0x00D8F713	지금은 여기로 이동해
0x00D8F738	여기에 두고 골라
0x00D8F762	이동 후엔 메뉴가 나와
0x00D8F78F	여기서 
0x00D8F798	대기
0x00D8F7A7	를 고르면 이동 끝
0x00D8F7BE	이동 끝이야 결정 버튼으로 골라 줘요
0x00D8F7EE	색이 달라졌어
0x00D8F811	이 유닛은 이제
0x00D8F838	행동 끝
0x00D8F84B	나중에 또 쓸 수 있어
0x00D8F86C	안심해
0x00D8F882	다음은 이쪽 
0x00D8F8A7	움직여
0x00D8F8BE	적에게 가까이 이동해
0x00D8F8F8	을 골라
0x00D8F909	여기서 골라
0x00D8F92C	은 여기로 가면 돼
0x00D8F953	그곳으로 이동해 줘
0x00D8F97A	네 유닛 둘 다
0x00D8F9A1	끝났어
0x00D8F9B2	남은 유닛 없으면
0x00D8F9E1	턴 
0x00D8F9EA	종료
0x00D8F9FF	를 골라
0x00D8FA10	움직일 유닛 없을 때
0x00D8FA31	빈칸 고르면 메뉴가 나와
0x00D8FA60	아래쪽에
0x00D8FA83	있어
0x00D8FA92	위아래로 골라봐
0x00D8FABF	하면 블루문 차례가
0x00D8FAE0	돼.
0x00D8FAEE	뭐 레드스타 군이
0x00D8FB15	나타났다고
0x00D8FB2A	으음 어쩔 수 없군
0x00D8FB41	배치한 부대로 쓰러뜨려라
0x00D8FB6E	호이프 사령관에게 들킨 것 같네
0x00D8FBA5	이 오고 있어
0x00D8FBBE	하지만 괜찮아
0x00D8FBD7	침착하게 행동하자
0x00D8FC03	공격
0x00D8FC19	해 보자
0x00D8FC2E	골라 줄래
0x00D8FC50	골라 줘
0x00D8FC98	적 옆이어야만
0x00D8FCB9	못 해
0x00D8FCF0	공격하려면 적 옆으로
0x00D8FD0B	이동해야 해
0x00D8FD5A	메뉴에
0x00D8FD6E	명령이
0x00D8FD83	나왔지?
0x00D8FD96	그걸 골라봐
0x00D8FDB6	대기는 행동을 끝내
0x00D8FDDD	여기는
0x00D8FDED	공격을 골라
0x00D8FE02	공격 상대 고르는 커서
0x00D8FE27	공격 커서야
0x00D8FE4B	상대는 하나뿐이니까
0x00D8FE6C	전투 시작해
0x00D8FE8A	적에게 피해를 줬어
0x00D8FEB2	유닛 아래 숫자 보이지?
0x00D8FEDB	그게 유닛 체력이야
0x00D8FEFE	처음엔 모든 유닛 체력 10이야
0x00D8FFF9	걸어오는 쪽이
0x00D9000C	유리하니까
0x00D90250	B 버튼으로 메뉴를 닫을 수 있어.
0x00D9028B	이제 남은 적은 하나야
0x00D902DC	이미 모든 유닛이 움직였어.
0x00D904A7	버려
0x00D905B8	이동 전으로 되돌릴 수 있어.
0x00D90945	도 쓰러뜨려
0x00D90AA2	아직 행동 가능한 유닛이 남아 있으니까,
0x00D90ACD	취소 키로 맵 메뉴 취소
0x00D90BDE	어라?! 상대에겐
0x00D90D26	이번엔
0x00D90EC1	이번엔
0x00D9103F	생각하지
0x00D910C6	여기 안 가면
0x00D9124A	지금은 이 「산」이란 지형에서
0x00D9142E	허 내 부대를 눈치챘나
0x00D916E1	는 1이면 돼.
0x00D918D3	를 하면 반드시 이길 수 있어!
0x00D918F4	적을 전멸시키면 승리야!
0x00D919BE	작전 처음부터 다시 하게 돼
0x00D91B03	내보내 줬으면.
0x00D91B99	은 전투를 기록하는
0x00D91CDF	골라 줘
0x00D91DA1	겁내지 말고
0x00D91DC4	하자
0x00D91DF4	수로 밀면 될 거야
0x00D91E6E	인 듯해.
0x00D920DE	이번엔
0x00D9226D	점령지에 붙여 둬
0x00D92366	실수로 움직이지 마
0x00D92458	을
0x00D924F8	은 
0x00D925A6	목적지가 없으면
0x00D925D5	도시 근처가 좋아
0x00D925F6	지금은 여기로 보내줘
0x00D92647	도시 근처로 둬
0x00D926EB	좋은 기회라고 제멋대로 날뛰다니!
0x00D92745	부대를 배치했을 거야
0x00D92774	밖에 없는 듯한
0x00D9287C	잊기 쉬운 법이야
0x00D92899	점령 중인 유닛이 있으면
0x00D928C6	턴 시작 때 먼저 행동시켜
0x00D92A76	다시 얘기할게
0x00D92C2E	이번엔
0x00D92CB2	이동 범위에 점령지가 둘이나
0x00D92D0D	어느 쪽을 고를래
0x00D92DDB	어느 쪽
0x00D92F4A	얼마나 더
0x00D92F79	여기 보면 알 수 있어.
0x00D92FF0	때, 이 도시가 아군이 돼!
0x00D9307B	공격 피해만큼
0x00D9316E	적 전멸로도
0x00D931B8	부대는 강적
0x00D931CB	정면 승부는 좋은 작전 아냐
0x00D93203	먼저 점령 도시 근처에
0x00D9323E	맞서 싸워.
0x00D93265	는 정면 상대 말고
0x00D9335D	아, 하나만 더.
0x00D934A3	이번엔 도시를 점령하고,
0x00D937C8	쓸모없는 놈들
0x00D93995	안 하면 이길 가망은 없어.
0x00D939B6	먼저 두 유닛을 이쪽으로 불러와
0x00D93A0A	요령을 잡아 줄래?
0x00D93A36	을 도망치게 해줘
0x00D93B75	다음 날 체력 2 회복
0x00D93CC5	다음 날 수리되게 도시 근처로
0x00D93E20	빨간 범위가
0x00D93E3A	가능 범위야
0x00D93FA8	을 지키고파.
0x00D93FE3	못 지나가게 해야겠지
0x00D94006	이번엔
0x00D940C7	여기로 이동해 줘.
0x00D940F2	에게도 공격받지
0x00D94115	적 유닛은 아군을, 아군 유닛은
0x00D94198	싸우는 법이야
0x00D94266	는 앞으로 나머지는
0x00D9444E	매일 2HP씩 보충돼도 지금의
0x00D94539	여기서 결정
0x00D94552	그래! 여기 커서를 맞춰 이동이야!
0x00D9470B	상황 따라 유닛 둘이면 편해
0x00D948A5	쓸 만해.
0x00D948ED	를 먼저 해치우는 거야.
0x00D9497F	이제 거의 승리야
0x00D94A13	적 전멸 쪽이 빠를 거야
0x00D94B2A	저 정도 소부대에 애먹다니
0x00D94C9A	탄약이 없으면
0x00D94D4B	사용할 수 있어
0x00D94E56	는 
0x00D94E7D	할 수밖에
0x00D94EF2	미안 지금은 여기로 이동해
0x00D94FBE	탄약과 연료가
0x00D9500C	아군 유닛에
0x00D95020	할 수 있어
0x00D95032	이번엔
0x00D950DE	게다가 수리...보충도 가능하대
0x00D951EE	능력을 시험해 봐
0x00D952B2	의 능력
0x00D952BD	못 시험해.
0x00D95344	가능해!
0x00D95353	거리가 떨어져 있어서 적 반격도
0x00D95376	안 받는 거야!
0x00D95601	을 보내고 싶네
0x00D95889	되겠나,
0x00D95896	안 궁금해?
0x00D958C1	가능 범위 보기
0x00D958E9	아군도 같아
0x00D959E4	속셈이군!!
0x00D95AEE	이번엔
0x00D95C6A	가능해!
0x00D95D0A	그럼 이동해 보자
0x00D95E5F	」를 골라
0x00D95EF2	지금은 여기 내려 줬으면 해.
0x00D9603D	능력이야
0x00D9608D	못 해,
0x00D960EF	자, 여기서부턴 당신이 생각하는 대로
0x00D9617E	을 다리 앞 도시에 둬
0x00D96203	말 깜빡했어
0x00D96220	는 간접 공격 가능한 강 유닛
0x00D9628C	못 하는걸.
0x00D963B0	은 간접 공격 가능해도
0x00D964D7	당신이라면 다음엔 꼭 이겨.
0x00D9654E	가져오다니!?
0x00D965DE	하지만 전투는 정면만이 아니야
0x00D966CE	공격 범위엔 들지 마
0x00D96701	공격 범위 보는 법 기억해
0x00D9672E	공격 범위 볼 유닛에 커서
0x00D96782	다시 얘기할게
0x00D96797	먼저 강 사이 적 부대 처치
0x00D96806	아래 중립 도시는
0x00D96831	적 부대가 와도 강을 넘는
0x00D96975	눈치채지 못하고 왔구나
0x00D96BD4	까지 쓸 수 있어
0x00D96CF3	쓸 수 있을 땐
0x00D96E06	그래도 공중 유닛은 없을 줄 알았는데
0x00D97020	는 바다 이동 불가
0x00D9703A	일단 육지는 이어졌지만 못 가
0x00D9709A	여기서 쓸모 있는 게
0x00D970CE	기억하지
0x00D971B4	의 능력 시험하자
0x00D97284	을 시험하자
0x00D972EE	가 못 가는
0x00D972FF	바다도 이동 가능
0x00D97336	같은 비용으로 이동 가능
0x00D97478	은 바다엔 이동 못 하니까.
0x00D974A1	가능 위치는
0x00D974B5	가 갈 수 있는 지형뿐
0x00D974E5	어느 지형
0x00D974FD	 가능한지는
0x00D975CC	의 능력
0x00D97608	의 능력 시험하자
0x00D97648	의 능력 시험하자
0x00D9767C	의 이동은
0x00D977C7	능력 시험 위해
0x00D978DA	싸울 수 있는 유닛!
0x00D97A30	매일 연료를 써.
0x00D97A5D	는 매일 연료
0x00D97AAC	공중 유닛은 매일 연료를 써,
0x00D97BCE	맞서 싸울 건
0x00D97C24	하는 게 안전해, 응.
0x00D97C68	내일부터 잊지 마
0x00D97D6F	가라 내 부하들
0x00D97F73	두어도 체력 회복/보급 안 돼
0x00D97FC9	지형이면 가능해
0x00D98136	그 병력을 전멸
0x00D9831A	이제야 어슬렁어슬렁 나타났냐!
0x00D9833D	하지만 늦었어
0x00D983F2	폭격기
0x00D984B6	여기서 공격이야!
0x00D98581	육상전이면 질 일 없어
0x00D985AA	다만... 방금 봤으니 알 거라 생각해.
0x00D98611	대공전차
0x00D986B8	는 이름대로 하늘을 날아
0x00D987DE	능력이야
0x00D988BC	이걸로 새 유닛 사용법은
0x00D98A79	매일 연료 2 소모
0x00D98C2B	는 탄약과 연료가
0x00D98C86	연료 바닥
0x00D98D67	위태로워지면,
0x00D98EF8	로 막고 
0x00D98F0E	로 쳐도 좋고
0x00D98F21	산 위에
0x00D98FB7	위태로워질 듯하면,
0x00D990C6	산 위에
0x00D991BB	힘내
0x00D99216	호이프는 보급 생각 없고
0x00D99516	여기서 쓸모 있는 게
0x00D9958E	의 능력 시험
0x00D995E4	은 공중 유닛
0x00D9963E	가능해.
0x00D996C8	의 능력 시험
0x00D996E3	그러니 여긴
0x00D99714	상자는 예를 들어
0x00D997F6	공격 범위로 유인해 쓰는
0x00D999D9	있을 땐 어쩌는지 기억해
0x00D99A06	그래 십자 버튼으로 상대를 고르면 돼
0x00D99A9B	간접 공격 최대 장점은 피해를
0x00D99BAA	의 이동은
0x00D99C14	평지를 이동하면 차이가 나
0x00D99C56	자세한 건 지형/유닛에서 R 버튼을
0x00D99D13	적 공중 유닛을 해치워
0x00D99E15	천천히 공략해도 좋아
0x00D99E5A	역시
0x00D99E69	이젠 내 말이 필요 없겠네
0x00D9A117	끝까지 지켜
0x00D9A191	주위 적을 해치워 버려.
0x00D9A208	는 공중유닛이야.
0x00D9A2E4	혹시 모르니 확인
0x00D9A327	을 해
0x00D9A330	공격 가능한지 알지
0x00D9A469	지금 부대만으로 해내라
0x00D9A55A	전부 S랭크도 딸 수 있어
0x00D9A81E	를 지켜라!...라는 건
0x00D9AA14	하지만 제대로 도망칠 방법은 있어!
0x00D9AA62	위에 겹쳐 이동해
0x00D9AA88	을 하는 거야
0x00D9AAAC	는 공격받지 않아
0x00D9AB59	는, 이밖에
0x00D9AD89	공중 유닛과
0x00D9ADBE	가능해.
0x00D9AE4D	이동 필요
0x00D9AED4	가 공격
0x00D9B169	전함
0x00D9B210	은 간접 공격 유닛이야
0x00D9B233	여기서 움직이지 마
0x00D9B27C	을 골라
0x00D9B45A	의 능력 시험해
0x00D9B581	그러니 여기로 안 가면
0x00D9B605	그러니 여긴
0x00D9B688	은 또
0x00D9B69C	만큼 능력이
0x00D9B70F	마지막이야
0x00D9B747	기억하지
0x00D9B95B	그저 가능할 뿐이면
0x00D9B9FB	가능해!
0x00D9BBFA	하면 안 되는 일이 있어
0x00D9BC25	가능한 지형은 이 맵에선
0x00D9BC44	얕은 여울뿐
0x00D9BD74	하지 마
0x00D9BDA0	를 시험하자
0x00D9BDE4	여울/항구만 가능
0x00D9C166	가는 곳은 여울/항구뿐
0x00D9C286	해상 유닛은, 공중 유닛과 같이, 매일
0x00D9C390	연료 보급하려면
0x00D9C49E	을 하는 거야
0x00D9C4B2	이번엔 해전인가...
0x00D9C4C9	캐서린에게 공중 유닛 안 잃었으면
0x00D9C550	막상막하야
0x00D9C5D2	의 또 다른 능력 시험
0x00D9C66A	는 적 공격 범위 안이어도
0x00D9C881	가능
0x00D9CA96	이, 이 정도까지 하다니...
0x00D9CAF8	, 어느 걸
0x00D9CC06	매복했나 봐
0x00D9D04B	눈 속에서도 지금까지처럼 움직여
0x00D9D27E	비가 온다
0x00D9D418	호이프는 눈에 강하고 비에 약해
0x00D9D9CC	이야기 계속할게
0x00D9DAE8	는 하지 마,
0x00D9DB2A	는 특별한 힘이 있어.
0x00D9DCAE	이 지형 숲은 옆에 갈 때까지
0x00D9DDB6	다시 얘기할게
0x00D9E039	여기나 여기
0x00D9E04C	둘 중 하나로 이동해.
0x00D9E093	이게 적 탐지의 무서운 점이야.
0x00D9E10C	아무것도 못하고 끝날 뿐 아니라
0x00D9E2E6	더 자세히 알고 싶거나
0x00D9E522	그리고... 내 얘기도 이게 마지막이야.
0x00D9E579	이제 너에게 가르쳐 줄 건 아무것도 없어.
0x00D9E5DC	당신
0x00D9E5F2	생각하고 행동해.
0x00D9E6E6	오오
0x00D9E7B1	잘해 나갈 수 있어
0x00D9E92F	알아 두면 편리한 걸 알려 주는 곳이야.
0x00D9E9AC	싫으면 「리셋」해 줘
0x00D9EB64	전투기
0x00D9EB86	여기로 보내고 싶어
0x00D9EC2E	곧장 이동하면 조우해서
0x00D9ED31	를 나타내는 거야!
0x00D9EDB6	예를 들어 커서를 이렇게
0x00D9EE90	기억하면 편리할지도
0x00D9EF25	그러니 알고 있을 땐 방금 가르친 대로
0x00D9EF82	그리고 하나만 더 주의해 둘게
0x00D9EFE5	이동후
0x00D9F12B	자 여긴 이 정도로 해둘게
0x00D9F1F9	와
0x00D9F276	유닛 정보야
0x00D9F3E2	전환 키야
0x00D9F5A2	지형 정보야
0x00D9F5DE	가능해!
0x00D9F5ED	지형 방어력
0x00D9F5FE	거점이면 수입
0x00D9F642	이동 비용이 어느 정도인지
0x00D9F816	그래그래
0x00D9F927	가능해
0x00D9F966	설명이야
0x00D9F9A6	한 번 더
0x00D9FA5B	상황 정보
0x00D9FB0F	가능해.
0x00D9FB40	은
0x00D9FC59	돈 얘기야.
0x00D9FD5A	그럼 다음
0x00D9FD65	생존 상황
0x00D9FE36	끝으로
0x00D9FE9B	여기도 십자키 위아래로 내용이
0x00D9FF3E	다시 한 번
0x00D9FF54	설명 듣고 싶어
0x00D9FFC5	항복/지도나가기 등을 고르는 곳
0x00D9FFF4	여긴 모드 따라 메뉴가 늘거나
0x00DA0053	하지만 캠페인에선 애니 여부
0x00DA00E3	항복해
0x00DA01D7	고르면 내가 맵 클리어
0x00DA025E	이지만
0x00DA02B6	공장의 '생산'이야.
0x00DA03C9	다 들어가지 않은 것도 주의해
0x00DA043A	그래그래
0x00DA0447	생산한 유닛은 다음 날 쓸 수 있어
0x00DA04C5	처음엔 무엇을 생산할지 망설이면
0x00DA04EE	고민해
0x00DA05AE	어라
0x00DA05E6	그래
0x00DA0616	공항 「생산」이야
0x00DA0652	공중 유닛 생산 가능!
0x00DA0727	가능해!
0x00DA0802	항구 「생산」이야
0x00DA09C6	그래
0x00DA0AA3	기본 부분을 가르치는 수업
0x00DA0B0D	가능한 곳은 지형
0x00DA0B91	있는 데서
0x00DA0BFC	하고파
0x00DA0CD7	의 값이야
0x00DA0D08	소지금 이하 유닛은 생산 가능
0x00DA0D32	가능해.
0x00DA0D44	십자키
0x00DA0D79	로 결정해
0x00DA0D90	은 맨 위라 여기서
0x00DA0DB6	눌러 봐
0x00DA0E17	되었어
0x00DA0E48	상태가 돼
0x00DA0EDB	다음은 여기
0x00DA0FB7	이걸로 이번 턴 할 일은
0x00DA105D	을 내리려면 움직일 유닛
0x00DA111F	행동이 돼
0x00DA121D	있는 데서
0x00DA12FA	이 범위 안이면 유닛을 옮길 수 있어
0x00DA1326	가능해.
0x00DA1379	있는 데서
0x00DA1423	」는 아무것도 안 하는 것
0x00DA14C1	를 골라줘
0x00DA158C	을(를) 움직이지 마
0x00DA1639	을 움직여
0x00DA16DA	가장 중요한 행동,
0x00DA185C	받을 수 있어
0x00DA18DE	하는 게
0x00DA18EA	할 수 있어
0x00DA1995	를 파악해
0x00DA19C6	를 꺼내려면, 잡고
0x00DA1B71	은 누구도
0x00DA1B9A	중립도시
0x00DA1BB3	자 다시 얘기할게
0x00DA1CB2	승리하기 위해선 정말 중요한 일이야
0x00DA1D2B	이동 범위 안
0x00DA1D3F	가능한 곳에
0x00DA1D4E	적군도시
0x00DA1D5E	중립도시
0x00DA1DF7	어느 쪽
0x00DA1E05	해도 수입 자체는
0x00DA1E4E	그럼, 적의 수입을
0x00DA1E81	돈 없으면 생산도 못 해
0x00DA2092	수입 줄면 유닛도 제대로 못 만들어
0x00DA2225	가능한 거야.
0x00DA22A1	가 공격에 다치면, 그만큼 내구력을
0x00DA2313	한 번 더 받을래?
0x00DA2341	방법과 간단 전략의
0x00DA237F	승리 조건은
0x00DA23D0	적을 치려면
0x00DA24DB	지금은 여기
0x00DA25C9	지금 이
0x00DA265B	이걸로 적에게 피해를 줬어!
0x00DA26C0	같은 유닛끼린 이 정도
0x00DA27D3	지금 움직일 유닛은 이
0x00DA2867	그러니 여기
0x00DA28BB	그러니
0x00DA2909	수가 많은 쪽이 이겨
0x00DA2C89	이동력 3인데 2칸뿐
0x00DA2D2F	에서 이동 비용은 2,
0x00DA2E17	에 들어
0x00DA32B1	싸우는 건 기본이야
0x00DA3358	그러니 여긴
0x00DA342D	한 번 더 받을래?
0x00DA3477	과외 수업을 들을 수 있게 됐어
0x00DA3628	이걸「진입손실」이라고 해
0x00DA368F	이곳 승리 조건은「수도 점령」이야. 하지만,
0x00DA3820	조건 같으면 공격 쪽이
0x00DA385A	적극적으로 공격하길 추천해요.
0x00DA389C	공격력은 현재 유닛 수로 증감
0x00DA3956	이 지형은 방어력 높아
0x00DA39E3	여긴「평원」 자주 나오는 지형이야
0x00DA3A0E	지형 방어력은 1뿐이라,
0x00DA3A58	계열 이동 비용은 1.
0x00DA3A6F	타이어계 이동 코스트는 2야.
0x00DA3AC3	보병계는 이동 비용 1이 매력
0x00DA3AF2	전차계와 차량계 이동 비용은 2
0x00DA3B20	색적 땐 붙어야 상황이
0x00DA3B5D	즉, 색적 범위 안인데도 거기 적이 있어도
0x00DA3C83	이동할 때는 써도 좋지만 멈출 땐
0x00DA3CFA	도로와 같아.
0x00DA3D92	「다리」는「강」에 놓일 때가 많아
0x00DA3DC6	강은 보병계 외 지상 유닛 불가
0x00DA3E38	지형 방어력 4라 지키기엔
0x00DA3EB2	공중 유닛은 갈 수 있다고
0x00DA3ED2	공중 유닛은 지형 방어 추가 없어
0x00DA3F79	지상 유닛은 보병만 이동 가능하고
0x00DA4000	도시
0x00DA4010	공장
0x00DA401E	공항
0x00DA402C	항
0x00DA4093	이 수업은 전투 진행에 필요한
0x00DA40D4	이 수업은 앞 수업「공격과 전략」을
0x00DA4190	이제부터는 여러 유닛을 써서
0x00DA4283	무사히 졸업할 수 있다면 전투에 필요한
0x00DA4307	정찰차는 보병 상대에 안성맞춤이죠
0x00DA43C9	움직일 유닛 없으면 이야기가
0x00DA43F9	안 되니 생산이 가장 중요해
0x00DC2937	님료
0x00DC2B1C	게이지는 전투마다 차올라
0x00DC2BC8	승리 조건은 이기기 위한
0x00DC2C8E	여기서 승리 조건을 고르면, 이 맵에서 이기기
0x00DC2DBF	님료
0x00DC2ECA	전 부대를 수리할 수 있으니 피해를
0x00DC3038	씨, 당신께 모든 것을
0x00DC3171	에게료
0x00DC3283	이놈, 어린애라 생각해서 다정한 얼굴을
0x00DC335B	되도록 뭉쳐 움직이는 게
0x00DC33AF	님료
0x00DC3741	평소 사거리 길고 브레이크 중엔
0x00DC37B7	근데 그걸 어떻게 알고 있어?
0x00DC3822	캐서린 초조했네
0x00DC394F	였던가
0x00DC3A0B	어떻게 알았지
0x00DC3A37	레드스타엔 예전 신세를
0x00DC3B1E	빌리는 브레이크 중엔, 간접 공격의
0x00DC3B8B	만큼 간접 공격 유닛을 해치워 버리는 거야
0x00DC3CA2	그런가 봐.
0x00DC3DBD	독립행동 공중부대가 있대
0x00DC3E2A	캐서린 이미 늦었어
0x00DC3F54	잊었다곤 못해
0x00DC4022	사령관 브레이크 때 2회 행동이
0x00DC40BC	처음엔 적 기다렸다 강한 적을
0x00DC4103	로 해치우지.
0x00DC427F	공장 육상/항구 해상 유닛
0x00DC4420	잠수함이 잠수하면
0x00DC4466	바다　전함
0x00DC4473	육지　중전차
0x00DC44B5	공격하고 또 공격하는 거다
0x00DC46EE	잠수함
0x00DC4720	잠수함
0x00DC4760	잠수함
0x00DC478F	수송선
0x00DC4796	수도에
0x00DC47A4	운반해
0x00DC4860	어떻게 하면 돼?!
0x00DC4934	이런 고생 안 했을 거야
0x00DC4AF2	벌써 이 시간인가
0x00DC4B3A	수도를 노릴 거야
0x00DC4B67	희생은 신경 쓰지 말고
0x00DC4B8A	전 부대로 수도를 지켜
0x00DC4D17	적은 어딘가 숨어 있어
0x00DC50C2	어떻게든 놈들을
0x00DC5510	눈은 싫은 건가.
0x00DC559E	도 눈이 좋아?!
0x00DC5726	어떻게든 놈들을
0x00DC58C3	수송선
0x00DC5921	잠수함
0x00DC595D	잠수함
0x00DC5B72	호위함도 잠수함도 없는 것
0x00DC5CB2	간접 공격을 빼면.
0x00DC5CF5	맥스는 손재주가 없어.
0x00DC5D83	난 할 수 있어
0x00DC611A	그리 생각하면 아직 멀었어
0x00DC6331	그럼 이만!
0x00DC655F	끝장을 낼 수 있는 거지!
0x00DC6682	저 할아버진 왠지 불편해
0x00DC674B	착각한 거 아니야?
0x00DC678D	깨는 재미가 있지
0x00DC688A	무슨 수를 써서라도
0x00DC690D	그 정도는 근성으로 어떻게든 해라!
0x00DC6999	도망쳐 돌아갔나.
0x00DC6AA5	그러니 적어도 강 이쪽의
0x00DC6B1D	집중해
0x00DC6B62	전력 갖추고 천천히 가도 돼
0x00DC6C4E	숲이나 암초에 숨으며 가는 게
0x00DC6CAA	자... 그럼
0x00DC6F06	레드스타 떠난 이유는
0x00DC6FC8	가고 싶은 곳에 가고, 있고 싶은 곳에 있다.
0x00DC7073	수송선
0x00DC7083	이게 당하면 육상 유닛을
0x00DC70D1	잠수함
0x00DC710D	잠수함
0x00DC7133	당하고만 못 있어
0x00DC716D	어디서 본 부대 같지
0x00DC71D8	독립공중부대 얘기 들은 적이
0x00DC7262	도미노도
0x00DC73C7	다시 봤어
0x00DC74DA	이 귀여운 날 못 알아보다니
0x00DC7637	도미노님
0x00DC76A6	이 이글, 다음 싸울 땐 전력을 다한다
0x00DC7844	란 바로 나다
0x00DC7E27	도미노님
0x00DC7E6F	이만 실례했네.
0x00DC7E9A	다음엔 전력으로
0x00DC8155	돈이 많거나
0x00DC826D	특전부대에 들켜버렸네
0x00DC82E1	그런 얘기야
0x00DC8319	돈이 많거나
0x00DC8521	돈이 많거나
0x00DC86F9	생각으로 간접 공격 유닛을 해치우는 거야.
0x00DC8751	지키며 싸워
0x00DC88E2	님료
0x00DC8974	그게 아니잖아!
0x00DC8A0F	공장 사용 허가가 나왔어!
0x00DC8A39	특기 유닛을 생산하면
0x00DC8D35	오지 못하게 해야 해
0x00DC8D52	그러기 위해선
0x00DC8DD0	이틀에　한번
0x00DC8DF7	만들면 좋아.
0x00DC90CC	공장은 무시하고 다른 거점을 점령하러
0x00DC9212	공항은 공중/항구는 해상 유닛
0x00DC9A16	그 약점을 직접 공격으로 보완해
0x00DC9AE3	그런 곳이면 간접 공격 표적이 되고 말아.
0x00DC9B3F	끌어들인다면 당신은 더 강해질 거야
0x00DC9DC5	사령관은 괜찮았어
0x00DC9E71	두 손 들 수밖에
0x00DC9EDA	육지가 안 이어져 수송선이
0x00DCA253	그런 거니
0x00DCA39F	능력은 충분히 강해
0x00DCA3E5	보통 전투 맵이면 보병 등을 수송해
0x00DCA67F	앞으로 9곳만 점령하면 돼
0x00DCA81D	했다고 생각해
0x00DCA8D7	사이가 나빠?
0x00DCAD78	아까와 다른 곳으로 실어 봐
0x00DCADA5	결과도 바뀔지 몰라.
0x00DCADDB	님료
0x00DCAF67	그러면 패배해
0x00DCAFE7	먼저 12거점 점령하는 거야!
0x00DCB1BE	바다에선 적수가 드물대
0x00DCB483	님료
0x00DCB544	유닛이야
0x00DCB666	이쪽이 어떻게든 할게!
0x00DCB726	기다렸지
0x00DCB833	여긴 도망이 상책
0x00DCB877	여긴 도망이 상책
0x00DCB8C9	어딘가
0x00DCB929	수송선
0x00DCB991	암초면 적에게 들키기 어려워!
0x00DCB9CB	잠수함
0x00DCB9E7	가면 더 안전해
0x00DCBA1A	이글과 세번째 싸움인가
0x00DCBB1D	오해한 거 아냐
0x00DCBB36	모프 말은 그랬지만
0x00DCBD20	할 리 없어!
0x00DCBE4D	적 유닛을 쓰러뜨릴 수 있나.
0x00DCBEA4	전투헬기
0x00DCC15A	그래서 방심했어.
0x00DCC2AC	요란한 싸움으로 적 눈을
0x00DCC2F8	하지만 이제 마지막이야.
0x00DCC3F3	수송선
0x00DCC457	이동 불가 지형이니까.
0x00DCC489	잠수함
0x00DCC622	뭔가 알고 있어?
0x00DCC63A	바다에서 이길 사람은 드물어
0x00DCCC4F	여긴 도망이 상책
0x00DCCCBC	시야 넓은 유닛을 앞세워
0x00DCCDC9	하지만 정면 승부라면
0x00DCCE86	모프 말은 그랬지만
0x00DCD066	하지만 일의 흐름은 맞아.
0x00DCD1B9	적 유닛을 쓰러뜨릴지
0x00DCD210	전투헬기
0x00DCD2C9	도전해 오는 것도 이유가 있겠네
0x00DCD329	그렇겐 안 되겠군.
0x00DCD602	요란한 싸움으로 적 눈을
0x00DCD64D	하지만 이제 마지막이야.
0x00DCD796	해상 유닛 연료/탄약 떨어지면
0x00DCD804	수송차
0x00DCD862	잠수함
0x00DCD9C2	뭔가 알고 있어?
0x00DCD9DA	바다에서 이길 사람은 드물어
0x00DCDAE9	안 그러면 안심하고 못 나아가
0x00DCDBE2	될 것 같아
0x00DCDCE4	그렇게 될 테니
0x00DCDEEB	님도미노
0x00DCE0C8	님도미노
0x00DCE2F7	여긴 도망이 상책
0x00DCE344	수송선
0x00DCE436	또 너인가 도미노 사령
0x00DCE5CF	할 수 없지.
0x00DCE7B2	걸어 다니는 그에게!
0x00DCE9A1	적 유닛을 쓰러뜨릴 수 있나.
0x00DCE9F8	전투헬기
0x00DCEA43	님도미노
0x00DCEB6F	끝까지 지켜줘!
0x00DCECEE	육지엔 대공전차/중전차가
0x00DCEF4A	요란한 싸움으로 적 눈을
0x00DCEF96	하지만 이제 마지막
0x00DCF13F	수송헬기
0x00DCF148	로 옮기려면
0x00DCF17B	수송선
0x00DCF187	잠수함
0x00DCF19B	안전하진 않아
0x00DCF1EA	수송헬기
0x00DCF1F3	를 탑재 가능한 건 알아?
0x00DCF21F	수송헬기
0x00DCF22B	전투헬기
0x00DCF247	된다고!
0x00DCF2AA	료인가
0x00DCF2C7	지금까지 의심했어
0x00DCF5A6	료의 복제 같아
0x00DCF95B	아직 더 나와
0x00DCF9BF	쉴 틈 없다
0x00DCFA8E	이 싸움 뒤의 적이 얼마나 강한지도
0x00DCFAD2	이럴 때 힘 안 합치면 어쩌자는 거야!
0x00DCFE02	우선은, 이쪽 가까운 공장 항구만은
0x00DCFE27	점령해 둘 거야.
0x00DCFE3D	수송선
0x00DCFE47	수송헬기
0x00DCFE92	적도 줄어들어
0x00DD0036	누가 도망친다고!
0x00DD00F1	사령! 내가 돕지!
0x00DD010A	이 녀석이 모든 것을 조종하고 있었군!
0x00DD0137	용서 못해!
0x00DD0391	즉　그런　거다
0x00DD03A7	사령관이란　자
0x00DD0528	걸리는　일도　있었으니까
0x00DD054A	뭐가　걸려
0x00DD065A	도미노, 말은 뒤!
0x00DD07E1	내가　써도　돼
0x00DD083D	이걸로 나도 싸울 수 있어
0x00DD099F	이 목숨을 걸고도
0x00DD09BA	꼭　지켜　보이겠어
0x00DD0B82	꼭　이길　수　있어
0x00DD0F59	오늘은 좋은 날이다! 말해 봐라?!
0x00DD12D2	아뇨 아무것도
0x00DD15E8	약속은 꼭 지키니까!
0x00DD17D1	다음에 만날 때는 어딘가의 맵이겠네!
0x00DD1A5E	여긴... 유닛이 거의 없네?
0x00DD1D5C	다음엔　안　진다
0x00DD1DA1	여기까지 온 너라면 반드시 이길 수 있어!
0x00DE9D8E	첫 지도입니다.
0x00DE9F4A	두 번째 지도.
0x00DEA136	세 번째 지도.
0x00DEA376	네 번째 지도.
0x00DEA54A	다섯 번째 지도.
0x00DEA55E	이번 작전은 산 너머 적 격파,
0x00DEA5AC	아군 부대가 적 방어 거점 근처에
0x00DEA5F6	이대론 그 거점도 빼앗겨
0x00DEA63E	상대에게 강한 편
0x00DEA66D	부대를 지휘해 줘.
0x00DEA68A	잘 활용해 거점을 지키며 승리해 줘.
0x00DEB85E	하늘이여! 이 몸의 소리를 들어라!
0x00DEB8BE	내 칼의 녹이 되고 싶나
0x00DEB93A	바다 힘을 보여 주마!
0x00DECA46	가능하나 공격력
0x00DECA94	이동마다 줄고, 없어지면
0x00DECAB3	이동 불가가 된다.
0x00DECAD4	주포 없음.
0x00DECAE6	보병형 이동 가능
0x00DECB16	대부분 지형 이동 가능하나
0x00DECB8A	가능
0x00DECB96	부포 보병계 공격력
0x00DECBD9	싸움 가능
0x00DECC03	육상 유닛 공격력
0x00DECC4A	부포 헬기계 공격력
0x00DECCE5	이동 비용으로 가능
0x00DECDC8	이동마다 줄고 없어지면
0x00DECDE7	이동 불가가 된다.
0x00DECE1B	육상 유닛 공격력
0x00DECE53	에도 뒤지지 않아
0x00DECE6E	부포 보병계 공격력
0x00DECEDB	육상 유닛 공격력
0x00DECEF4	주포 탄이 떨어지면
0x00DECF1E	부포 헬기계 공격력
0x00DECFE8	시야 넓음
0x00DED00A	차량형 이동 가능
0x00DED038	차량이라 생각보다
0x00DED051	이동 불가.
0x00DED06E	주포 없음.
0x00DED0DA	부포 기관총으로,
0x00DED0F3	보병계 공격력
0x00DED112	에 강한 편.
0x00DED12A	부포 보병계 외
0x00DED143	육상 유닛 공격력
0x00DED177	생각해 두면 안전
0x00DED196	부포 기관총으로,
0x00DED1AF	헬기계 공격력
0x00DED1D2	에 대해선
0x00DED1E1	그럭저럭 쓸만
0x00DED20D	싸고 이동력 있어
0x00DED290	는 지상 유닛에
0x00DED2E8	가능
0x00DED32C	는 불가
0x00DED378	강한 편
0x00DED38A	경전차포로, 선박계에
0x00DED3A1	공격력
0x00DED3B2	그리 강하지 않음.
0x00DED419	불가.
0x00DED432	기관총으로
0x00DED445	보병계 공격력
0x00DED49B	보병 외 지상군에
0x00DED4B6	상대 공격력.
0x00DED4F2	기관총으로
0x00DED505	헬기계 공격력
0x00DED528	에 대해선
0x00DED54A	공격/방어 모두
0x00DED561	지상 최강 전차
0x00DED5B0	가능
0x00DED65A	중전차포 선박계
0x00DED6B9	상대 공격력.
0x00DED6ED	불가.
0x00DED706	기관총으로
0x00DED719	보병계 공격력
0x00DED766	기관총으로
0x00DED779	보병계 외 지상 유닛
0x00DED794	공격력
0x00DED7CE	기관총으로
0x00DED7E1	헬기계 공격력
0x00DED804	에 대해선
0x00DED83D	수송가능 유닛은 보병계
0x00DED87F	가능.
0x00DED8A0	불가.
0x00DED8AE	저렴한 간접 유닛.
0x00DED995	다른 유닛 시야가 필요하다.
0x00DED9F4	가능
0x00DEDA73	불가
0x00DEDA7E	「2」 사거리에
0x00DEDA92	가능
0x00DEDAC8	가능
0x00DEDAEC	공격 범위 넓음.
0x00DEDB49	도 이동 어려움.
0x00DEDC24	불가.
0x00DEDC72	가능
0x00DEDC91	보병계 공격력
0x00DEDCAE	로켓포로 보병계 외의
0x00DEDD01	선박계 공격력
0x00DEDD6B	불가.
0x00DEDD7A	대지/대공 공격 가능
0x00DEDE1A	가능
0x00DEDE58	불가능해짐
0x00DEDFE0	시야 넓은 점도
0x00DEE03C	가능
0x00DEE07C	불가능해짐
0x00DEE106	가늠할 수 없는 힘
0x00DEE131	이 범위 공중 유닛에
0x00DEE150	가능
0x00DEE188	전 유닛 중 최고의
0x00DEE19F	이동력 자랑
0x00DEE234	는 불가
0x00DEE246	대공미사일로, 헬기계에
0x00DEE29A	대공미사일로 비행기 계열에
0x00DEE2E7	그 외 공중 유닛엔 강함.
0x00DEE30A	육상, 해상에 매우
0x00DEE32F	가능.
0x00DEE357	이동력 변화 없음
0x00DEE39A	가능
0x00DEE3EA	폭탄 보병계에
0x00DEE410	거의 모든 지형에서
0x00DEE42B	격파 가능.
0x00DEE442	폭탄 보병계 외
0x00DEE496	폭탄 함선계
0x00DEE521	불가.
0x00DEE55E	가능해서,
0x00DEE5A8	공중 유닛 중 가장
0x00DEE604	가능
0x00DEE673	보병계 공격력
0x00DEE6A3	보병계 외 지상 유닛
0x00DEE6E7	함선계 공격력
0x00DEE755	불가.
0x00DEE7AA	부포로 보병계에
0x00DEE7D2	부포 보병계 외
0x00DEE83A	부포로 헬기계에
0x00DEE86A	에 강함.
0x00DEE899	이동력 감소도 없다.
0x00DEE907	불가.
0x00DEE931	더 넓은 공격
0x00DEE942	범위 보유.
0x00DEE96F	는 전 유닛 중
0x00DEE982	최대 사거리 보유
0x00DEE9D2	가능
0x00DEE9F3	탄이 떨어지면
0x00DEEA10	불가.
0x00DEEB53	불가.
0x00DEEB7B	공중 유닛에 강함.
0x00DEEBA3	두 유닛 탑재 가능
0x00DEEBBE	미사일 공격
0x00DEEC36	대공기관총으로 헬기 계열에
0x00DEEC66	무손상 적은 일격에
0x00DEEC7F	끝장 가능
0x00DEECF9	2유닛 탑재 가능.
0x00DEED74	시야는 기대하지 마
0x00DEEDA6	은 무기가 없는
0x00DEEDC9	불가능
0x00DEEE16	공격 안받고 인접안돼
0x00DEEE31	않는 한 적엔 안 보임
0x00DEEE8F	최대 시야 보유.
0x00DEEF0E	주포 함선계 공격력
0x00DEEFC2	대부분 지형 비용 1로
0x00DEEFE1	이동 가능
0x00DEEFF6	차량형 이동 가능
0x00DEF04E	비행형 이동 가능
0x00DEF07C	비행 타입은 지형 영향
0x00DEF097	이동력 변화 없음.
0x00DEF0B2	함선형 이동 가능
0x00DEF0DE	바다/암초 이동 가능
0x00DEF122	함선 타입과 차이는
0x00DEF139	얕은 여울 이동 가능
0x00DEF1F0	이동마다 줄어, 없어지는
0x00DEF20F	와 이동 불가
0x00DEF36A	가능
0x00DEF3BA	주포로 보병계에 대한
0x00DEF3E2	주포 보병계 외
0x00DEF41A	주포로 헬기계에 대한
0x00DEF442	주포로 비행기계에 대한
0x00DEF46E	주포 선박계 공격력
0x00DEF4E1	불가.
0x00DEF4F2	부포로 보병계에 대한
0x00DEF51A	부포 보병계 외
0x00DEF552	부포로 헬기계에 대한
0x00DEF5A6	부포 선박계 공격력
0x00DF1143	테스트테스트테스트
0x00DF1EEE	수도 점령/적 전멸 승리
0x00DF1F2E	수도 점령 또는 적 전멸로 승리.
0x00DF1F6E	수도 점령 또는 적 전멸로 승리.
0x00DF1FAE	이 지도는 5일 생존하면 승리!
0x00DF2026	수도 점령 또는 적 전멸로 승리!
0x00DF207A	승리 조건은 수도 점령 또는 적 전멸!
0x00DF20BA	수도 점령/적 전멸 승리
0x00DF2102	수도 점령/적 전멸 승리
0x00DF217E	수도 점령/적 전멸 승리
0x00DF21AE	수도 점령이나 적 전멸로 승리!
0x00DF21EE	수도 점령 또는 적 전멸로 승리!
0x00DF223E	수도 점령 또는 적 전멸로 승리!
0x00DF226C	이면반드시이길수있어!
0x00DF228E	먼저 많이 점령한 쪽 승리
0x00DF22BD	먼저 15거점을 점령해!
0x00DF22DE	수도 점령/적 전멸 승리
0x00DF2356	승리는 수도 점령이나 적 전멸!
0x00DF239E	먼저 많이 점령한 쪽이 승리!
0x00DF23F2	수도 점령/적 전멸 승리
0x00DF24A3	지켜 내면 승리
0x00DF256E	수도 점령 또는 적 전멸로 승리!
0x00DF25FA	수도 점령이나 적 전멸로 승리!
0x00DF266E	수도 점령 또는 적 전멸로 승리!
0x00DF26FE	수도 점령/적 전멸 승리
0x00DF275C	을 8턴 동안 지켜내!
0x00DF2792	수도 점령/적 전멸
0x00DF2806	수도 점령이나 적 전멸로 승리!
0x00DF285A	수도 점령 또는 적 전멸로 승리!
0x00DF28C2	수도 점령 또는 적 전멸로 승리!
0x00DF29AA	저장 데이터 모두 삭제.
0x00DF29E2	저장 데이터 삭제 중.
0x00DF2A4D	정말 항복해?
0x00DF2B9C	전투 점령 애니
0x00DF2BB3	을 표시
0x00DF2BCF	를 표시
0x00DF2BEB	전투 애니 있음
0x00DF2C04	애니 없음
0x00DF2C43	더는 생산 불가
0x00DF2D26	어떤상황도전투가능
0x00DF2D89	2씩 보충 가능.
0x00DF2DA6	밝고 활기찬 소년.
0x00DF2DEF	새벽형
0x00DF2E02	기계라면
0x00DF2E6F	의 이동력 높음.
0x00DF2EA1	의 공격력 낮음.
0x00DF2EF0	이동력 증가.
0x00DF2FE3	직접 공격 유닛의
0x00DF3030	공격력 낮은 데다,
0x00DF3049	사거리 짧음.
0x00DF307E	직접 공격 유닛의
0x00DF315D	어째선지 운 좋음
0x00DF3178	일이 자주 생긴다.
0x00DF3228	손가는 학생
0x00DF3258	가끔 내 이야기도
0x00DF326D	물어보러 와.
0x00DF3287	비 약함 눈 강함
0x00DF332A	실수는 많지만,
0x00DF3345	본인은 매우 진지.
0x00DF33B7	간접 공격 유닛의
0x00DF33D4	사거리 김.
0x00DF33E5	직접 공격 가능 유닛
0x00DF3440	간접 공격 유닛의
0x00DF347A	사거리도 늘어
0x00DF3546	공격력 약함.
0x00DF3595	한 번 더 행동 가능
0x00DF35D1	브레이크 중인 유닛
0x00DF369F	해상 유닛 능력 강함.
0x00DF36DB	효과 상승.
0x00DF3707	공격력 약함.
0x00DF3766	느긋이 천천히
0x00DF3802	방어력 강함.
0x00DF38B3	굳게믿고의심안해
0x00DF3961	상대에게 안 보인다
0x00DF3978	다만 왠지 운이 나쁘다.
0x00DF39E9	이나 암초 같은 지형의
0x00DF3A23	가능.
0x00DF3A47	아버지 안 닮은 천재
0x00DF3AAD	이겨야 해
0x00DF3AFA	모든게수수께끼
0x00DF422E	특별히 약점 없음
0x00DF4281	메카를 잘 다뤄서
0x00DF4312	눈 강함 비 약함
0x00DF4352	보병 외 직접 공격은
0x00DF437A	간접 공격 사거리 김
0x00DF4395	직접공격 서툴다.
0x00DF43D2	하지만 구입 가격도
0x00DF43FA	상대에게 정보 안 준다
0x00DF443B	왠지 운 나빠
0x00DF4452	공중 유닛 공격력이
0x00DF448F	공격력 약함
0x00DF44A2	해상 유닛 특기
0x00DF44D0	왠지 비가 잘 내린다
0x00DF44F6	모든 능력 강함.
0x00DF450B	그 유닛이 이동 가능한
0x00DF4526	지형이면 이동 비용은
0x00DF55D7	이동 쉬움
0x00DF55ED	방어 낮음
0x00DF561F	육상 유닛은 보병계
0x00DF566B	이 지형의 보병계
0x00DF56CF	에 인접하지 않으면,
0x00DF5753	지형이지만 방어
0x00DF578B	아군이 점령 중이면,
0x00DF57A7	육상 유닛 보충, 보급이
0x00DF57FD	이동가능
0x00DF580F	각 군 본거지.
0x00DF5827	점령되면 패배
0x00DF5839	육상 유닛 보충/보급
0x00DF5853	가능.
0x00DF587B	공항 보유 도시.
0x00DF58AB	공중 유닛 생산/보충
0x00DF58C5	보급 가능.
0x00DF58DB	항구 도시
0x00DF5909	해상 유닛 생산/보충
0x00DF5923	보급 가능.
0x00DF5937	육지를 잇는 다리
0x00DF595F	지형 효과 없음
0x00DF597B	육지에서 바다로
0x00DF599B	승하차
0x00DF59AD	가능
0x00DF59B9	지형 효과 없음.
0x00DF59CF	공장 보유 도시.
0x00DF59FF	육상 유닛 생산과
0x00DF5A15	보충/보급 가능
0x00DF5A4B	적과 인접하지 않는 한
0x00DF5D62	커서 조작부터
0x00DF5D81	방법도 설명이야
0x00DF5D9A	반가워. 
0x00DF5DA9	　님
0x00DF5DB4	코스모랜드에 어서 와
0x00DF5DD2	나는 레드스타국의 사령관
0x00DF5E12	코스모랜드 설명을
0x00DF5E35	해 줄게.
0x00DF5E56	여긴 레드스타국
0x00DF5E85	제법 큰 나라야.
0x00DF5EA0	이웃은 블루문국.
0x00DF5EC3	블루문과 사이가 나빠서
0x00DF5EE8	늘 싸움만 하고 있어.
0x00DF5F0E	최근엔 큰 전투도 없었지만
0x00DF5F5A	아, 미안해.
0x00DF5F73	블루문 군의 호이프 사령관이
0x00DF5FBA	그 탓에 아라라 지방도
0x00DF5FE7	블루문 군 지배하에 들어갔어.
0x00DF6016	사령관 후보생인　
0x00DF6038	당신에게 명령이 내려졌어.
0x00DF6061	아라라에서 블루문 군을
0x00DF6088	몰아내는 게 임무야.
0x00DF60AD	내가 지원할게.
0x00DF60C6	자, 출격이야!
0x00DF612E	자, 출격이야!
0x00DF6146	아라라 산중에서 적 부대 확인.
0x00DF619E	부대라 볼 수 있어
0x00DF61E7	생각할 만하네.
0x00DF61FE	이번 작전은 그 부대 격파야.
0x00DF6420	간단한 전략 설명이야.
0x00DF66C0	나라 윗사람도 만족하고 있어.
0x00DF67BA	다만 지금까지 전선에서 쓰던
0x00DF6882	받을 수 있대.
0x00DF68F6	실력을 시험해 봐
0x00DF691D	내가 가르친 것 기억해
0x00DF6946	마가타마 요새 정찰대가
0x00DF6971	전멸했어.
0x00DF6982	요새는 산에 둘러싸여
0x00DF69AF	적이 많다고 보긴 어려워
0x00DF69D8	정찰대라 해도 전멸당하다니
0x00DF6A01	뭔가 있는 게 틀림없어
0x00DF6A26	이 요새를 빼앗기면
0x00DF6A47	나중에 골치 아파져
0x00DF6A96	곤란한 일이 생겼어요
0x00DF6C7E	기뻐해!
0x00DF6C8F	드디어 중전차
0x00DF6CAC	
0x00DF6CB8	개발에 성공했어!
0x00DF6CCF	게다가 예전부터 준비한
0x00DF6CF4	대공 유닛도 사용 허가됐어!
0x00DF6D22	이번 작전
0x00DF6D2D	
0x00DF6D3A	
0x00DF6D92	가 주력인 부대라
0x00DF6DAB	쉽게 안 질 텐데
0x00DF6DD8	어쩌면 본격적인 항공 부대
0x00DF6DFB	폭격기...
0x00DF6E0E	아니 아무것도 아니야
0x00DF6E29	내가 너무 깊게 봤나
0x00DF6E5A	간접 공격 유닛 설명이야
0x00DF6E7A	대공미사일
0x00DF6E8C	로켓포
0x00DF6E97	를 배워
0x00DF6EAA	레드스타 상부도
0x00DF6EC9	골치 아픈가 봐
0x00DF6EDE	적은 이미
0x00DF6EE9	항공
0x00DF6EF3	전력
0x00DF6EFA	을 준비했대
0x00DF6F0B	그런데 우린 아직 없어
0x00DF6F3A	그 대신 시제품
0x00DF6F4F	대공미사일
0x00DF6F5C	을 이쪽에
0x00DF6F6B	배치해 두었어
0x00DF6F96	그리고 덧붙여
0x00DF6FB3	로켓포
0x00DF6FC3	쓸 수 있게 했어
0x00DF7032	늘 적보다 약한 유닛만 줘서
0x00DF7059	미안해
0x00DF7082	공중·간접 유닛 설명이야
0x00DF70AE	님은 며칠 걸릴까?
0x00DF70D2	좋은 소식이야!
0x00DF70E5	드디어
0x00DF70F0	전투기
0x00DF70FA	폭격기
0x00DF7106	준비됐어!
0x00DF7119	각각 3대야!
0x00DF7136	이번 작전 한정이야
0x00DF7166	호이프 부대가 해안 너머에
0x00DF7189	나타났어
0x00DF719C	단숨에 치는 게 작전이야
0x00DF71C9	자, 출격이야!
0x00DF71DE	해상 유닛 설명이야
0x00DF72B8	여기 새로 등장하는 해상 유닛이야.
0x00DF72E2	이 두 유닛을 지키며 바다 건너편을
0x00DF7346	지난 작전에 쓴,
0x00DF7382	필요한 유닛을 골라
0x00DF73A5	준비해 달랬어요.
0x00DF76D5	씨가 새로 쓸 수 있게
0x00DF77BF	내 과외 수업 듣고 싶어
0x00DF77DE	더 자세히 알고 싶은 사람
0x00DF7801	을 위한 수업.
0x00DF7816	몰라도 플레이 가능하지만,
0x00DF783B	요령 알려 줄게.
0x00DF8C02	종합
0x00DF8C0E	장비없음
0x00DF8C1A	유닛상황
0x00DF8DB2	이름알려줘
0x00DF8DFA	맞습니까
0x00DF8E3E	반가워. 
0x00DF8E6E	레드스타국의 사령관
0x00DF8EAE	너 이 게임 처음이니?
0x00DF8EFF	게임보이 워즈에는
0x00DF8F26	여러 모드가 있어
0x00DF8F3F	게임보이 한 대로
0x00DF8F64	한대대전모드
0x00DF8F83	친구와 연결해서
0x00DF8FB0	즐기는 통신,
0x00DF8FC9	그리고 작전룸이야.
0x00DF8FEC	처음엔 작전룸부터
0x00DF900F	시작해 보자!
0x00DF9024	다음 모드 선택에서
0x00DF9053	작전룸 골라줘
0x00DF9066	작전룸에서는 내가
0x00DF908B	전투법 알려 줄게.
0x00DF90A7	작전룸에 가면
0x00DF90CE	위부터 작전 골라줘.
0x00DF90F6	첫 작전은 전투 개시야!
0x00DF911F	그럼 시작할게.
0x00DF9149	게임보이 워즈에서는
0x00DF9174	내가 작전룸에서
0x00DF91A3	바뀐 규칙까지
0x00DF91D0	포함해서.
0x00DF91E3	이전 워즈를 해 봤어도
0x00DF9210	한 번 보는 걸 추천해.
0x00DF9241	그래도 필요 없다면
0x00DF9270	작전룸 빨리 끝내는 법 알려 줄게.
0x00DF929F	작전룸부터 할래?
0x00DF92CA	그게 좋을 거야!
0x00DF92E6	작전룸은 다음
0x00DF9315	거기서 들어가
0x00DF9328	「모드 선택」에는 게임보이 1대로
0x00DF9355	게임보이 한 대 대전,
0x00DF9384	친구와 연결해 노는
0x00DF93B1	통신 모드,
0x00DF93CA	그리고 작전룸이 있어.
0x00DF93F3	작전룸에 들어가면
0x00DF941A	위부터 작전을 골라.
0x00DF9446	첫 작전은 전투 개시야!
0x00DF946F	그럼 힘내!
0x00DF948E	간단히 설명할게.
0x00DF94BB	게임보이 워즈에는
0x00DF94D6	여러 모드가 있어.
0x00DF94FD	먼저 한 대 대전,
0x00DF9516	게임보이 한 대로
0x00DF953B	한대대전모드
0x00DF9554	친구와 연결해서
0x00DF9581	통신모드
0x00DF9594	작전룸도 있어.
0x00DF95B9	작전룸.
0x00DF95D2	작전룸 마지막
0x00DF95F5	결전만 클리어해 줘.
0x00DF9616	그러면 여러 모드가
0x00DF963B	새로 나타날 거야!
0x00DF9656	그럼 힘내!
0x00DFA64A	둘부터 넷까지
0x00DFA66B	대전 가능
0x00DFA68C	전투기록볼수있어
0x00DFA6AA	전투 방법 알려 줄게
0x00DFA6CD	와서 들어 봐
0x00DFA6E2	워즈 코인으로
0x00DFA6FB	물건 살 수 있어
0x00DFA71B	님만의
0x00DFA72E	지도를 만들 수 있어
0x00DFA752	한 대로 넷까지
0x00DFA775	대전 가능
0x00DFA79A	처음부터 대전
0x00DFA7BE	이어서 대전
0x00DFA7E2	처음부터 캠페인
0x00DFA7FD	시작해요
0x00DFA80E	이어서 캠페인
0x00DFA829	진행 가능
0x00DFA83A	특별한 처음부터
0x00DFA84D	숨겨진 모드
0x00DFA872	특별 이어하기
0x00DFA885	숨겨진 모드
0x00DFA8AA	혼자서 대전
0x00DFA8CB	사령관 상대
0x00DFA8EA	둘이서 대전
0x00DFA90A	셋이서 대전
0x00DFA926	넷이서 대전
0x00DFA942	통신 케이블로
0x00DFA95B	대전하기
0x00DFA972	카트리지 하나로
0x00DFA989	모두와 대전
0x00DFA9AE	친구와 연결해
0x00DFA9C7	대전 가능
0x00DFA9DA	친구와
0x00DFA9E9	맵 교환 가능
0x00DFAF03	쓸 수 있는 돈
0x00DFB293	사 가면, 그 지도에 그려진
0x00DFB439	몇 번 가게에 오다 보면 언젠가
0x00DFB462	말할지도 모르지만!
0x00DFB4F2	물건없어
0x00DFB54B	우리 가게엔 뭐든 있어.
0x00DFB5E5	날씨 좋은 날엔 장사 말고
0x00DFB644	방금 얘긴 없던 거
0x00DFB6C4	자, 천천히 보고 가
0x00DFB754	그게 있으면 「대전」 가능
0x00DFB809	여기서만 말하는데, 우리는 사령관을
0x00DFB8B4	알지도 몰라
0x00DFB8F3	우리 가게서 파는 지도 다 사들여도
0x00DFB964	천천히 보고 가
0x00DFB982	열심히 하는 것 같군.
0x00DFBA21	한 번쯤 들어가 봐
0x00DFBAA6	한 번 클리어론 아직 멀었어!
0x00DFBB5A	어서와
0x00DFBD86	자, 척척 벌어 우리 가게에서
0x00DFBEC3	공격에 쓸 수 있어!
0x00DFBFF2	수송할 수 있는 유닛도
0x00DFC01D	유닛 이동력이 길다는 건 알았나?
0x00DFC04A	수도 점령 노리면 이보다 무서운
0x00DFC08E	직접 공격 유닛의 공격력은 약하지만,
0x00DFC0E6	보병/바주카병 미끼로 간접 공격
0x00DFC1EA	말 많은 건 내 나쁜 버릇이군!
0x00DFC28E	그 녀석은 힘은 있지만 서툴러서
0x00DFC2C8	그 녀석을 잘 다루려면, 다른
0x00DFC31E	직접 공격 외엔 영 꽝이니까
0x00DFC3A1	넓은 곳에서 싸우는 게 좋을 거야!
0x00DFC3CE	뭐, 나도 젊었을 때는... 이런 얘긴
0x00DFC47A	눈만 내리게 하는 사령관
0x00DFC52F	어디서든 싸울 수 있는
0x00DFC5DE	그 녀석도 예전엔... 아차, 내 얘기군!
0x00DFC66E	녀석은 사격 천재
0x00DFC687	간접 공격은 따라올 자 없어
0x00DFC6C1	그 재능에 기대 직접 공격 실력을
0x00DFC6EE	갈고닦지 않은 게 약점이지.
0x00DFC834	간접 직접 모두
0x00DFCA30	줄 수 없는 경우도 있고
0x00DFCA78	쓸 수 있겠지.
0x00DFCA93	능숙한 사령관이 다뤘을 때의 아스카는,
0x00DFCABA	어중간하지 않게 강해!
0x00DFCB70	공중 유닛 강하고 해상 약함
0x00DFCBAA	그리고 브레이크로 2회 행동...
0x00DFCC2B	공중 유닛은 연료가 잘 줄지 않고,
0x00DFCC58	눈치채고 있었나?
0x00DFCC75	공중 유닛은 날고 있어서 매일 처음에
0x00DFCCB9	매일 시작 때 줄어드는 연료가 이글
0x00DFCE46	비가 잘 오는 비남자란 점은
0x00DFCED8	오늘 얘긴 여기까지
0x00DFCF77	고용 가능
0x00DFCFDE	아스카 사령관을 고용할 수 있어!
0x00DFD082	헬보우즈 고용 가능하단 얘기야
0x00DFD0B6	대전에서 싸울 수 있는 지도 케이스다!
0x00DFD0DF	지금이면 지도도 몇 개 끼워줄까?
0x00DFD106	워즈 지도가 든 지도 케이스
0x00DFD1B2	3인 대전 가능 지도 케이스군!
0x00DFD53B	오늘은 폐점이야
0x00DFF0DF	캐서린은 나라를 비울 수는
0x00DFF15A	예전엔 호되게 당했지만
0x00DFF175	이번엔 그렇겐 안 돼
0x00DFF1AD	새 사령관이라면 말이지!
0x00DFF927	맞서기 위해 자네 특기인 간접 공격
0x00DFF9DF	여기는 것이냐!
0x00DFFA65	성격은 문제지만 사격 실력은
0x00E007B4	의 부대에 들어가라 해서
0x00E00851	직접 공격은 누구에게도 안 질
0x00E0087C	자신이 있다
0x00E0095B	십자 버튼 상하로 선택 가능!
0x00E00A03	십자 버튼 상하로 선택 가능!
0x00E0112E	뭐 여러 일이 있었지
0x00E0118D	꼬마 능력을 다 가늠 못 하다니
0x00E011B2	실력 녹슬었군
0x00E01922	움직이기 시작
0x00E01935	빨리 거점을 점령하지 않으면 또
0x00E027D8	얼마 전 부대가 우리 영토로 진공 중
0x00E02FFE	뭐라고 했나
0x00E0319E	추웠다
0x00E0374E	다음 적은 빌리인 것 같군.
0x00E0377A	빌리... 나를 애송이라고 부르는 사람이구나.
0x00E037ED	세 사람은 절친이었다
0x00E03852	그래서 캐서린은 알았던 거야.
0x00E03FB6	이전 작전이 생각보다 손이 가서,
0x00E04038	나는 보병과 바주카병 활용 작전이
0x00E040A1	병사 수송 유닛도
0x00E048A2	이놈, 자기 땅만으론 부족해
0x00E048F2	절대 못하게 해
0x00E049BC	여기는 대화로 넘기고
0x00E04FEE	이 정도는, 조사해 두지 않으면
0x00E050AB	유닛도 많지는 않은 듯해
0x00E050E3	그럼 대군으로 공격하면 거의 이기지!
0x00E05196	생산 가능한 곳을
0x00E05A32	상대 생산 거점이 있다면
0x00E05A85	나도 생산 가능하면 좋겠구나!
0x00E05BBC	이 맵이라면... 우회하면
0x00E0630A	아, 아스카에게 그런 일
0x00E06344	만에 하나 무슨 일이 생기면
0x00E06B80	한동안 안 깨어나
0x00E06C5D	이 지도는 먼저 16거점 점령한 쪽이
0x00E0732B	좋은 아침 도미노
0x00E07346	너를 보고 있으면, 내가 진지하게 하는 게
0x00E073A6	아스카 작전에 제대로 걸려들었어!
0x00E073F6	그 애는 같은 학교 때부터 작전엔
0x00E0741D	1등이었어!
0x00E07CA6	저　녀석과　얘기하면
0x00E07CC7	페이스가 흔들려...
0x00E07CDE	해전에서 저놈 넘을 자는
0x00E08473	더 차분히 상황을 보지 않으면 위험해.
0x00E08D37	아까 얘기는
0x00E08D5F	이번엔 네가 나서면 돼.
0x00E08DA3	확인해 보고 와
0x00E08DFC	언제든 나갈 수 있어!
0x00E08EAD	머리가 너무 굳었네
0x00E09529	같이 갈래
0x00E09FCA	해전에서 저놈 넘을 자는
0x00E0A028	미안... 지금까지 자다가 이제
0x00E0A727	더 신중히 상황을 보지 않으면 위험해.
0x00E0A7E7	이 싸움 자체가 누군가 꾸민 거야.
0x00E0B007	아까 얘기는
0x00E0B02F	이번엔 네가 나가면 돼
0x00E0B073	확인해 보고 와
0x00E0B0CC	언제든 나갈 수 있어!
0x00E0B179	머리가 너무 굳었네
0x00E0B7F5	따라오지 않아?
0x00E0B846	・・・괜찮아?
0x00E0C0F2	뭘 그리 태평한 소릴 하느냐!
0x00E0C276	해전에는 그를 넘을 자가
0x00E0C2D4	미안... 지금까지 자다가 이제
0x00E0CA93	이 전쟁 자체가 누군가 꾸민 거야.
0x00E0D2B3	아까 얘기는
0x00E0D2DB	이번엔 네가 나가면 돼
0x00E0D31F	확인하고 와줄래?
0x00E0D378	언제든 출격 가능
0x00E0E3DA	뭔가 이상하지 않아?
0x00E0E4D7	복제 인간을 만들 수 있나 봐.
0x00E0E592	이런 놈들 그냥 둘 수 있겠냐!
0x00E0E614	이미 전투 중이야!
0x00E0E6E3	제법 힘들었어!
0x00E0EFD2	어서 흑막을 없애야
0x00E0F63E	드디어 궁지에 몰았어
0x00E0F68A	...궁지에 몰았다고?
0x00E0F6E2	작전밖에 모르는 계집애가.
0x00E0F70D	내가 눈치 못 챈 줄 알았냐!
0x00E0F772	끝에서 작전을 잘못 세웠구나...
0x00E0F79F	네놈 혼자 날 이길 수 있다 생각했나!
0x00E0FF0C	언제든 출격 가능
0x00E0FFAD	머리가 너무 굳었어.
0x00E10ED6	「스피드」는 빨리 승리하는지를
0x00EC30A2	있음이면　유닛　시야밖　안보임
0x00EC310A	거점수입 설정
0x00EC312E	지정일　끝나면　거점　수로　승부
0x00EC3162	지정거점　보유시　우세승리
0x00EC3192	있음이면 사령관 능력 활성
0x00EC31C2	애니 없음
0x00EC31DA	전투 점령 애니 있음
0x00EC3202	전투 애니만 표시
0x00EC321E	플레이어 애니만 표시
0x00EC3246	같은 깃발이면 같은 팀
0x00EC32D2	날씨 설정
0x00EC3342	애니 없음
0x00EC335A	전투 점령 애니 있음
0x00EC3382	전투 애니만 표시
0x00EC339E	플레이어 애니만 표시
0x00EE212C	2-6거리
0x00EE2138	3-5거리
0x00EE2144	2-3거리
0x00EE21C4	암초해
0x00EE22C4	통신4
0x00EE22D0	통신3
0x00EE22DC	통신2
0x00EE22E8	통신1
0x00EE2434	공격기
0x00EE244C	대공미사일
0x00EE2464	대공자주포
0x00EE2470	열차포
0x00EE248C	보급차
0x00EE2494	신형전차
0x00EE24B8	중전차
0x00EE24C8	전투공병
0x00EE25A0	항복
0x00EE265C	지도를 저장 중이야 전원을 끄지 마
0x00EE26CC	지도 수신 중. 잠시 기다려
0x00EE26F4	지도 송신 중. 잠시 기다려
0x00EE275C	보낼 지도를 골라 줘
0x00EE2778	지도를 보낼 사람이 아무도 없어
0x00EE279C	지도를 보낼 사람을 골라
0x00EE27E0	친구들이 모이면 시작 버튼 눌러줘!
0x00EE2810	참전 등록 중. 잠시만 기다려!
0x00EE2838	통신 준비 중!
0x00EFAAD4	레드스타 패배. 타군 항복도 패배. 정말? 종료 공격 합류 대기 시스템
