address	decision	basis	fable_reason	astra_reason
0x00A01ED0	FIX_GATE	disagree fable=FIX_GATE astra=DEFER	two-row group: predicate (공격하라!/되찾아라!/쳐라!) lives in the unchanged second row (0xA01EEE/0xA021BA/0xA0246A, build BTEAM_SC	Composite objective; continuation unverified
0x00A021A0	FIX_GATE	disagree fable=FIX_GATE astra=DEFER	two-row group: predicate (공격하라!/되찾아라!/쳐라!) lives in the unchanged second row (0xA01EEE/0xA021BA/0xA0246A, build BTEAM_SC	Recover-objective continuation and owner unverified
0x00A02450	FIX_GATE	disagree fable=FIX_GATE astra=DEFER	two-row group: predicate (공격하라!/되찾아라!/쳐라!) lives in the unchanged second row (0xA01EEE/0xA021BA/0xA0246A, build BTEAM_SC	Attack-objective continuation and owner unverified
0x00A03734	RESTORE_BASELINE	agreed	fits in place (6 <= 6); remove/lower the overriding writer [script:part2 tutorial catherine lead particle row] so dialog	Payload fits 6/6; restore comma
0x00A03C9C	RESTORE_BASELINE	agreed	fits in place (18 <= 20); remove/lower the overriding writer [script:part2 capture infantry row] so dialogue_overrides b	Payload fits 18/20; restore protected wording
0x00A03F0C	FIX_GATE	agreed	words/punctuation count/space count identical; differs only by half/full width (! ? . , space digits), -/ー/― or ～/〜 (cod	Expected-side wave-dash encoding alias; preserve dot count
0x00A0A9B1	DEFER	disagree fable=ACCEPT_CURRENT_KOREAN astra=DEFER	baseline "응?" is an interjection fragment mis-keyed to JP "このマップは"; ROM is the faithful translation of this JP; re-key/r	Baseline ownership and Japanese alignment unverified
0x00A15D3C	FIX_GATE	agreed	words/punctuation count/space count identical; differs only by half/full width (! ? . , space digits), -/ー/― or ～/〜 (cod	Expected-side wave-dash encoding alias; preserve spacing
0x00A19300	RESTORE_BASELINE	disagree fable=RESTORE_BASELINE astra=DEFER	alignment already re-keyed (_alignment_notes): split group at fragment boundary and write in place (0xA19300 "이걸로 좀" 10<	Re-key agreed; composite continuation and fit unverified
0x00A1AFFC	DEFER	disagree fable=ACCEPT_CURRENT_KOREAN astra=DEFER	baseline "에-," is an interjection fragment mis-keyed to JP "修理にかかる日数です。"; ROM is the faithful translation of this JP; re	Baseline ownership and Japanese alignment unverified
0x00A1B194	DEFER	disagree fable=ACCEPT_CURRENT_KOREAN astra=DEFER	baseline "네," is an interjection fragment mis-keyed to JP "戦艦が接岸したって通信が入ったわ。"; ROM is the faithful translation of this J	Baseline ownership and Japanese alignment unverified
0x00A1B3C8	RESTORE_BASELINE	agreed	alignment already re-keyed (_alignment_notes): split group at fragment boundary and write in place (0xA19300 "이걸로 좀" 10<	Agreed re-key; baseline wording fits 12/18
0x00A1B81C	DEFER	disagree fable=ACCEPT_CURRENT_KOREAN astra=DEFER	baseline "옛," is an interjection fragment mis-keyed to JP "勝って退く・・・か。"; ROM is the faithful translation of this JP; re-k	Baseline ownership and Japanese alignment unverified
0x00A1BAD4	FIX_GATE	disagree fable=FIX_GATE astra=DEFER	words/punctuation count/space count identical; differs only by half/full width (! ? . , space digits), -/ー/― or ～/〜 (cod	Baseline conflicts with Japanese; ownership unverified
0x00A229CC	RELOCATE	agreed	row already relocated: rewrite the relocated span with the baseline text (re-wrap only, words/punct intact; need 16), up	Rebuild msg A229CC; repoint manifest sites; remap baseline span
0x00A2955C	RESTORE_BASELINE	agreed	fits in place (12 <= 16); remove/lower the overriding writer [dialogue-override] so dialogue_overrides baseline wins; bu	Payload fits 12/16; restore full ability name
0x00A29570	RESTORE_BASELINE	agreed	fits in place (14 <= 20); remove/lower the overriding writer [dialogue-override] so dialogue_overrides baseline wins; bu	Payload fits 14/20; restore full ability name
0x00A29588	RESTORE_BASELINE	agreed	fits in place (14 <= 14); remove/lower the overriding writer [dialogue-override] so dialogue_overrides baseline wins; bu	Payload fits 14/14; restore full ability name
0x00A29598	RESTORE_BASELINE	agreed	fits in place (16 <= 18); remove/lower the overriding writer [dialogue-override] so dialogue_overrides baseline wins; bu	Payload fits 16/18; restore full ability name
0x00A295AC	RESTORE_BASELINE	agreed	fits in place (10 <= 16); remove/lower the overriding writer [dialogue-override] so dialogue_overrides baseline wins; bu	Payload fits 10/16; restore full ability name
0x00A295C0	RESTORE_BASELINE	agreed	fits in place (20 <= 20); remove/lower the overriding writer [dialogue-override] so dialogue_overrides baseline wins; bu	Payload fits 20/20; restore full ability name
0x00A295D8	RESTORE_BASELINE	agreed	fits in place (14 <= 16); remove/lower the overriding writer [dialogue-override] so dialogue_overrides baseline wins; bu	Payload fits 14/16; restore full ability name
0x00A295EC	RESTORE_BASELINE	disagree fable=RESTORE_BASELINE astra=DEFER	fixed CO-power name slot 18: 스트레이트블래스트 (18=slot, internal space dropped); space-only deviation, record as approved excep	Needs 20/18 bytes; relocation consumer unverified
0x00A29600	RESTORE_BASELINE	agreed	fits in place (12 <= 20); remove/lower the overriding writer [dialogue-override] so dialogue_overrides baseline wins; bu	Payload fits 12/20; restore full ability name
0x00A2962C	RESTORE_BASELINE	agreed	fits in place (10 <= 16); remove/lower the overriding writer [dialogue-override] so dialogue_overrides baseline wins; bu	Payload fits 10/16; restore full ability name
0x00A29640	RESTORE_BASELINE	agreed	fits in place (16 <= 16); remove/lower the overriding writer [dialogue-override] so dialogue_overrides baseline wins; bu	Payload fits 16/16; restore full ability name
0x00A29654	RESTORE_BASELINE	agreed	fits in place (18 <= 18); remove/lower the overriding writer [dialogue-override] so dialogue_overrides baseline wins; bu	Payload fits 18/18; restore full ability name
0x00A29668	RESTORE_BASELINE	agreed	fits in place (22 <= 22); remove/lower the overriding writer [dialogue-override] so dialogue_overrides baseline wins; bu	Payload fits 22/22; restore full ability name
0x00A29680	RESTORE_BASELINE	agreed	fits in place (14 <= 14); remove/lower the overriding writer [dialogue-override] so dialogue_overrides baseline wins; bu	Payload fits 14/14; restore full ability name
0x00A29690	RESTORE_BASELINE	agreed	fits in place (16 <= 16); remove/lower the overriding writer [dialogue-override] so dialogue_overrides baseline wins; bu	Payload fits 16/16; restore full ability name
0x00A296A4	RESTORE_BASELINE	agreed	fits in place (8 <= 18); remove/lower the overriding writer [dialogue-override] so dialogue_overrides baseline wins; bui	Payload fits 8/18; restore full ability name
0x00A296B8	RESTORE_BASELINE	agreed	fits in place (6 <= 14); remove/lower the overriding writer [dialogue-override] so dialogue_overrides baseline wins; bui	Payload fits 6/14; restore full ability name
0x00A296C8	RESTORE_BASELINE	agreed	fits in place (10 <= 14); remove/lower the overriding writer [dialogue-override] so dialogue_overrides baseline wins; bu	Payload fits 10/14; restore full ability name
0x00A296D8	RESTORE_BASELINE	agreed	fits in place (16 <= 18); remove/lower the overriding writer [dialogue-override] so dialogue_overrides baseline wins; bu	Payload fits 16/18; restore full ability name
0x00A296EC	RESTORE_BASELINE	agreed	fits in place (14 <= 14); remove/lower the overriding writer [dialogue-override] so dialogue_overrides baseline wins; bu	Payload fits 14/14; restore full ability name
0x00A296FC	RESTORE_BASELINE	disagree fable=RESTORE_BASELINE astra=DEFER	fixed CO-power name slot 14: 사무라이다이브 (14=slot, internal space dropped); space-only deviation, record as approved excepti	Needs 16/14 bytes; relocation consumer unverified
0x00A2970C	RESTORE_BASELINE	agreed	fits in place (18 <= 20); remove/lower the overriding writer [dialogue-override] so dialogue_overrides baseline wins; bu	Payload fits 18/20; restore full ability name
0x00A29724	RESTORE_BASELINE	agreed	fits in place (16 <= 20); remove/lower the overriding writer [dialogue-override] so dialogue_overrides baseline wins; bu	Payload fits 16/20; restore full ability name
0x00A2973C	RESTORE_BASELINE	agreed	fits in place (16 <= 20); remove/lower the overriding writer [dialogue-override] so dialogue_overrides baseline wins; bu	Payload fits 16/20; restore full ability name
0x00A29754	RESTORE_BASELINE	agreed	fits in place (14 <= 20); remove/lower the overriding writer [dialogue-override] so dialogue_overrides baseline wins; bu	Payload fits 14/20; restore full ability name
0x00A2976C	RESTORE_BASELINE	agreed	fits in place (10 <= 16); remove/lower the overriding writer [dialogue-override] so dialogue_overrides baseline wins; bu	Payload fits 10/16; restore full ability name
0x00A29780	RESTORE_BASELINE	agreed	fits in place (10 <= 18); remove/lower the overriding writer [dialogue-override] so dialogue_overrides baseline wins; bu	Payload fits 10/18; restore full ability name
0x00A29794	RESTORE_BASELINE	agreed	fits in place (12 <= 16); remove/lower the overriding writer [dialogue-override] so dialogue_overrides baseline wins; bu	Payload fits 12/16; restore full ability name
0x00A297A8	RESTORE_BASELINE	agreed	fits in place (16 <= 16); remove/lower the overriding writer [dialogue-override] so dialogue_overrides baseline wins; bu	Payload fits 16/16; restore full ability name
0x00A297BC	RESTORE_BASELINE	agreed	fits in place (14 <= 20); remove/lower the overriding writer [dialogue-override] so dialogue_overrides baseline wins; bu	Payload fits 14/20; restore full ability name
0x00A297D4	RESTORE_BASELINE	disagree fable=RESTORE_BASELINE astra=DEFER	fixed CO-power name slot 20: 하이그레이드 커맨드 (20=slot, one space dropped; or two 0x20 spaces if this consumer advances on 0x2	Needs 22/20 bytes; relocation consumer unverified
0x00A297EC	RESTORE_BASELINE	agreed	fits in place (12 <= 12); remove/lower the overriding writer [dialogue-override] so dialogue_overrides baseline wins; bu	Payload fits 12/12; restore full ability name
0x00A297FC	RESTORE_BASELINE	agreed	fits in place (14 <= 16); remove/lower the overriding writer [dialogue-override] so dialogue_overrides baseline wins; bu	Payload fits 14/16; restore full ability name
0x00A29810	RESTORE_BASELINE	agreed	fits in place (12 <= 16); remove/lower the overriding writer [dialogue-override] so dialogue_overrides baseline wins; bu	Payload fits 12/16; restore full ability name
0x00A29824	RESTORE_BASELINE	agreed	fits in place (10 <= 16); remove/lower the overriding writer [dialogue-override] so dialogue_overrides baseline wins; bu	Payload fits 10/16; restore full ability name
0x00A29840	DEFER	agreed	baseline word is not a translation of this JP but a B-team word for a neighbouring list entry is plausible (list offset)	None versus Meteor Strike; baseline ownership unverified
0x00A29906	RESTORE_BASELINE	agreed	fits in place (10 <= 10); remove/lower the overriding writer [fixed_zero_text] so dialogue_overrides baseline wins; buil	Payload fits 10/10; restore protected label
0x00A2992C	RESTORE_BASELINE	disagree fable=RESTORE_BASELINE astra=DEFER	fits in place (10 <= 14); remove/lower the overriding writer [fixed_zero_text] so dialogue_overrides baseline wins; buil	Mode-selection versus exit action needs UX context
0x00A29A2C	DEFER	agreed	baseline word is not a translation of this JP but a B-team word for a neighbouring list entry is plausible (list offset)	Factory versus pipe; baseline ownership unverified
0x00A29A34	RESTORE_BASELINE	agreed	fits in place (12 <= 12); remove/lower the overriding writer [fixed_zero_text] so dialogue_overrides baseline wins; buil	Payload fits 12/12; restore authored space
0x00A29A54	DEFER	agreed	baseline word is not a translation of this JP but a B-team word for a neighbouring list entry is plausible (list offset)	Laboratory versus minicannon; baseline ownership unverified
0x00A29A70	RESTORE_BASELINE	agreed	fits in place (10 <= 10); remove/lower the overriding writer [fixed_zero_text] so dialogue_overrides baseline wins; buil	Payload fits 10/10; restore authored space
0x00A29A84	DEFER	agreed	baseline word is not a translation of this JP but a B-team word for a neighbouring list entry is plausible (list offset)	Volcano versus factory; baseline ownership unverified
0x00A29A94	RESTORE_BASELINE	agreed	fits in place (10 <= 12); remove/lower the overriding writer [fixed_zero_text] so dialogue_overrides baseline wins; buil	Payload fits 10/12; restore authored space
0x00A2A2F8	RESTORE_BASELINE	disagree fable=RESTORE_BASELINE astra=DEFER	no final write exists: add in-place write of 탄수 (4 bytes) at the 弾数 owner slot (see _relocation_notes); verify slot is >	No final text-write evidence; consumer unverified
0x00A2BC3C	RELOCATE	disagree fable=RELOCATE astra=DEFER	need 36 > slot 26: Part2 message-table repoint (same manifest mechanism as the already relocated neighbours); prove poin	Needs 36/26 bytes; continuation and relocation unverified
0x00A2C040	RELOCATE	disagree fable=RELOCATE astra=DEFER	need 50 > slot 46: Part2 message-table repoint (same manifest mechanism as the already relocated neighbours); prove poin	Needs 50/46 bytes; address-specific relocation unverified
0x00A2C0C0	RELOCATE	disagree fable=RELOCATE astra=DEFER	need 52 > slot 48: Part2 message-table repoint (same manifest mechanism as the already relocated neighbours); prove poin	Needs 52/48 bytes; address-specific relocation unverified
0x00A2C144	FIX_GATE	agreed	words/punctuation count/space count identical; differs only by half/full width (! ? . , space digits), -/ー/― or ～/〜 (cod	Mode-help expected-side fullwidth punctuation mapping
0x00A2C1B8	RELOCATE	disagree fable=RELOCATE astra=DEFER	need 54 > slot 46: Part2 message-table repoint (same manifest mechanism as the already relocated neighbours); prove poin	Needs 54/46 bytes; address-specific relocation unverified
0x00A2C1E8	RELOCATE	disagree fable=RELOCATE astra=DEFER	need 54 > slot 50: Part2 message-table repoint (same manifest mechanism as the already relocated neighbours); prove poin	Needs 54/50 bytes; address-specific relocation unverified
0x00A2C25C	RELOCATE	disagree fable=RELOCATE astra=DEFER	need 56 > slot 48: Part2 message-table repoint (same manifest mechanism as the already relocated neighbours); prove poin	Needs 56/48 bytes; address-specific relocation unverified
0x00A2C2F4	RELOCATE	disagree fable=RELOCATE astra=DEFER	need 56 > slot 46: Part2 message-table repoint (same manifest mechanism as the already relocated neighbours); prove poin	Needs 56/46 bytes; relocation consumer unverified
0x00A2C378	RELOCATE	disagree fable=RELOCATE astra=DEFER	need 52 > slot 46: Part2 message-table repoint (same manifest mechanism as the already relocated neighbours); prove poin	Needs 52/46 bytes; relocation consumer unverified
0x00A2C3A8	RELOCATE	disagree fable=RELOCATE astra=DEFER	need 56 > slot 44: Part2 message-table repoint (same manifest mechanism as the already relocated neighbours); prove poin	Needs 56/44 bytes; relocation consumer unverified
0x00A2C484	RELOCATE	disagree fable=RELOCATE astra=DEFER	need 52 > slot 44: Part2 message-table repoint (same manifest mechanism as the already relocated neighbours); prove poin	Needs 52/44 bytes; relocation consumer unverified
0x00A2C5F0	FIX_GATE	agreed	words/punctuation count/space count identical; differs only by half/full width (! ? . , space digits), -/ー/― or ～/〜 (cod	Expected-side relocated-writer punctuation; preserve spaces
0x00A2C644	RELOCATE	agreed	row already relocated: rewrite the relocated span with the baseline text (re-wrap only, words/punct intact; need 44), up	Rebuild msg A2C644; repoint manifest sites; remap baseline span
0x00A2C704	FIX_GATE	agreed	words/punctuation count/space count identical; differs only by half/full width (! ? . , space digits), -/ー/― or ～/〜 (cod	Expected-side relocated-writer punctuation; preserve spaces
0x00A2C720	RESTORE_BASELINE	agreed	fits in place (31 <= 38); remove/lower the overriding writer [dialogue-override] so dialogue_overrides baseline wins; bu	Payload fits 31/38; restore numerals and comma
0x00A2C748	RELOCATE	disagree fable=RELOCATE astra=DEFER	need 49 > slot 44: Part2 message-table repoint (same manifest mechanism as the already relocated neighbours); prove poin	Needs 49/44 bytes; relocation consumer unverified
0x00A2C784	RESTORE_BASELINE	agreed	fits in place (32 <= 44); remove/lower the overriding writer [dialogue-override] so dialogue_overrides baseline wins; bu	Payload fits 32/44; restore commas
0x00A2C7B4	RESTORE_BASELINE	agreed	fits in place (34 <= 38); remove/lower the overriding writer [dialogue-override] so dialogue_overrides baseline wins; bu	Payload fits 34/38; restore sentence punctuation
0x00A2C7DC	RELOCATE	disagree fable=RELOCATE astra=DEFER	need 38 > slot 36: Part2 message-table repoint (same manifest mechanism as the already relocated neighbours); prove poin	Needs 38/36 bytes; relocation consumer unverified
0x00A2C804	RELOCATE	agreed	row already relocated: rewrite the relocated span with the baseline text (re-wrap only, words/punct intact; need 40), up	Rebuild msg A2C804; repoint manifest sites; remap baseline span
0x00A2C828	RESTORE_BASELINE	agreed	fits in place (30 <= 30); remove/lower the overriding writer [dialogue-override] so dialogue_overrides baseline wins; bu	Payload fits 30/30; restore sentence punctuation
0x00A2C848	RESTORE_BASELINE	agreed	fits in place (30 <= 30); remove/lower the overriding writer [dialogue-override] so dialogue_overrides baseline wins; bu	Payload fits 30/30; restore sentence punctuation
0x00A2C868	RESTORE_BASELINE	agreed	fits in place (22 <= 24); remove/lower the overriding writer [dialogue-override] so dialogue_overrides baseline wins; bu	Payload fits 22/24; restore sentence punctuation
0x00A2C898	RESTORE_BASELINE	agreed	fits in place (20 <= 20); remove/lower the overriding writer [dialogue-override] so dialogue_overrides baseline wins; bu	Payload fits 20/20; restore sentence punctuation
0x00A2C8B0	FIX_GATE	agreed	words/punctuation count/space count identical; differs only by half/full width (! ? . , space digits), -/ー/― or ～/〜 (cod	Expected-side relocated-writer question-mark mapping
0x00A2C8C4	FIX_GATE	agreed	words/punctuation count/space count identical; differs only by half/full width (! ? . , space digits), -/ー/― or ～/〜 (cod	Expected-side relocated-writer question-mark mapping
0x00A2C950	RELOCATE	agreed	row already relocated: rewrite the relocated span with the baseline text (re-wrap only, words/punct intact; need 32), up	Rebuild msg A2C950; repoint manifest sites; remap baseline span
0x00A2C970	FIX_GATE	agreed	words/punctuation count/space count identical; differs only by half/full width (! ? . , space digits), -/ー/― or ～/〜 (cod	Expected-side relocated-writer question-mark mapping
0x00A2C994	FIX_GATE	agreed	words/punctuation count/space count identical; differs only by half/full width (! ? . , space digits), -/ー/― or ～/〜 (cod	Expected-side relocated-writer question-mark mapping
0x00A2C9B4	RELOCATE	agreed	row already relocated: rewrite the relocated span with the baseline text (re-wrap only, words/punct intact; need 32), up	Rebuild msg A2C9B4; repoint manifest sites; remap baseline span
0x00A2CA10	RELOCATE	disagree fable=RELOCATE astra=DEFER	need 38 > slot 34: Part2 message-table repoint (same manifest mechanism as the already relocated neighbours); prove poin	Needs 38/34 bytes; preserve unsaved-exit warning pending relocation
0x00A2CA38	RESTORE_BASELINE	disagree fable=RESTORE_BASELINE astra=FIX_GATE	ROM added 2 leading fullwidth spaces absent in both B-team and JP; restore in place (8 <= 10), remove dialogue-override;	Two icon-reserved cells; verify prefix separately from label
0x00A2CA44	RESTORE_BASELINE	disagree fable=RESTORE_BASELINE astra=FIX_GATE	ROM added 2 leading fullwidth spaces absent in both B-team and JP; restore in place (10 <= 10), remove dialogue-override	Two icon-reserved cells; verify prefix separately from label
0x00A2CA60	RESTORE_BASELINE	disagree fable=RESTORE_BASELINE astra=FIX_GATE	ROM added 2 leading fullwidth spaces absent in both B-team and JP; restore in place (8 <= 12), remove dialogue-override;	Two icon-reserved cells; verify prefix separately from label
0x00A2CA70	RESTORE_BASELINE	disagree fable=RESTORE_BASELINE astra=FIX_GATE	ROM added 2 leading fullwidth spaces absent in both B-team and JP; restore in place (10 <= 10), remove dialogue-override	Two icon-reserved cells; verify prefix separately from label
0x00A2CA88	FIX_GATE	agreed	leading fullwidth padding in ROM equals the native JP padding (layout, not wording); words identical; gate strips leadin	Two icon-reserved cells; verify prefix separately from label
0x00A2CABC	RELOCATE	agreed	row already relocated: rewrite the relocated span with the baseline text (re-wrap only, words/punct intact; need 34), up	Rebuild msg A2CABC; repoint manifest sites; remap baseline span
0x00A2CBFC	FIX_GATE	disagree fable=FIX_GATE astra=DEFER	words/punctuation count/space count identical; differs only by half/full width (! ? . , space digits), -/ー/― or ～/〜 (cod	Digit-width consumer behavior unverified
0x00A2CC0C	FIX_GATE	disagree fable=FIX_GATE astra=DEFER	words/punctuation count/space count identical; differs only by half/full width (! ? . , space digits), -/ー/― or ～/〜 (cod	Digit-width consumer behavior unverified
0x00A2D55C	FIX_GATE	agreed	words/punctuation count/space count identical; differs only by half/full width (! ? . , space digits), -/ー/― or ～/〜 (cod	Pair-title expected-side fullwidth encoding
0x00A2D58C	FIX_GATE	agreed	words/punctuation count/space count identical; differs only by half/full width (! ? . , space digits), -/ー/― or ～/〜 (cod	Pair-title expected-side fullwidth encoding
0x00A2D5A0	FIX_GATE	agreed	words/punctuation count/space count identical; differs only by half/full width (! ? . , space digits), -/ー/― or ～/〜 (cod	Pair-title expected-side fullwidth encoding
0x00A2D5C8	RELOCATE	disagree fable=RELOCATE astra=DEFER	need 16 > slot 14: Part2 message-table repoint (same manifest mechanism as the already relocated neighbours); prove poin	Needs 16/14 bytes; exact native title pointer unverified
0x00A2D61C	FIX_GATE	agreed	words/punctuation count/space count identical; differs only by half/full width (! ? . , space digits), -/ー/― or ～/〜 (cod	Pair-title expected-side fullwidth encoding
0x00A2D650	RELOCATE	disagree fable=RELOCATE astra=DEFER	need 16 > slot 14: Part2 message-table repoint (same manifest mechanism as the already relocated neighbours); prove poin	Needs 16/14 bytes; exact native title pointer unverified
0x00A2D684	RELOCATE	disagree fable=RELOCATE astra=DEFER	need 20 > slot 18: Part2 message-table repoint (same manifest mechanism as the already relocated neighbours); prove poin	Needs 20/18 bytes; exact native title pointer unverified
0x00A2D698	FIX_GATE	agreed	words/punctuation count/space count identical; differs only by half/full width (! ? . , space digits), -/ー/― or ～/〜 (cod	Pair-title expected-side fullwidth encoding
0x00A2D6AC	RELOCATE	agreed	row already relocated: rewrite the relocated span with the baseline text (re-wrap only, words/punct intact; need 22), up	Rebuild msg A2D6AC; repoint manifest sites; remap baseline span
0x00A2D6C0	FIX_GATE	agreed	words/punctuation count/space count identical; differs only by half/full width (! ? . , space digits), -/ー/― or ～/〜 (cod	Pair-title expected-side fullwidth digit encoding
0x00A2D6F0	RELOCATE	disagree fable=RELOCATE astra=DEFER	need 20 > slot 16: Part2 message-table repoint (same manifest mechanism as the already relocated neighbours); prove poin	Needs 20/16 bytes; exact native title pointer unverified
0x00A2D704	FIX_GATE	agreed	words/punctuation count/space count identical; differs only by half/full width (! ? . , space digits), -/ー/― or ～/〜 (cod	Pair-title expected-side fullwidth encoding
0x00A2D7A4	FIX_GATE	agreed	words/punctuation count/space count identical; differs only by half/full width (! ? . , space digits), -/ー/― or ～/〜 (cod	Pair-title expected-side fullwidth encoding
0x00A2D7FC	FIX_GATE	agreed	words/punctuation count/space count identical; differs only by half/full width (! ? . , space digits), -/ー/― or ～/〜 (cod	Pair-title expected-side fullwidth encoding
0x00A2D828	FIX_GATE	agreed	words/punctuation count/space count identical; differs only by half/full width (! ? . , space digits), -/ー/― or ～/〜 (cod	Pair-title expected-side fullwidth digit encoding
0x00A2D838	FIX_GATE	agreed	words/punctuation count/space count identical; differs only by half/full width (! ? . , space digits), -/ー/― or ～/〜 (cod	Pair-title expected-side fullwidth digit encoding
0x00A2D848	FIX_GATE	agreed	words/punctuation count/space count identical; differs only by half/full width (! ? . , space digits), -/ー/― or ～/〜 (cod	Pair-title expected-side fullwidth digit encoding
0x00A2D889	FIX_GATE	disagree fable=FIX_GATE astra=DEFER	words/punctuation count/space count identical; differs only by half/full width (! ? . , space digits), -/ー/― or ～/〜 (cod	Odd source address; title ownership unverified
0x00A309AC	RELOCATE	disagree fable=FIX_GATE astra=RELOCATE	writer source == baseline; difference is the documented ellipsis-run conversion (・run(+。) -> ellipsis/..., build:368-372	Rebuild msg A309AC; repoint manifest sites; restore two dots
0x00A30C88	FIX_GATE	agreed	words/punctuation count/space count identical; differs only by half/full width (! ? . , space digits), -/ー/― or ～/〜 (cod	Expected-side wave-dash encoding alias; preserve punctuation
0x00A30E40	RESTORE_BASELINE	disagree fable=FIX_GATE astra=RESTORE_BASELINE	writer source == baseline; difference is the documented ellipsis-run conversion (・run(+。) -> ellipsis/..., build:368-372	Payload fits 40/44; restore final two-dot count
0x00A33C3C	FIX_GATE	agreed	words/punctuation count/space count identical; differs only by half/full width (! ? . , space digits), -/ー/― or ～/〜 (cod	Expected-side relocated-writer punctuation mapping
0x00A33D1C	FIX_GATE	agreed	words/punctuation count/space count identical; differs only by half/full width (! ? . , space digits), -/ー/― or ～/〜 (cod	Expected-side relocated-writer punctuation; retain complete span
0x00A34B6C	RESTORE_BASELINE	disagree fable=RESTORE_BASELINE astra=DEFER	yes/no selector: restore creation B-team words 네/아뇨 (HEAD "예 아뇨" is db4b9ae-era unapproved edit) laid out with the nativ	Yes/no wording and cursor-layout provenance unresolved
0x00A34F5C	FIX_GATE	agreed	words/punctuation count/space count identical; differs only by half/full width (! ? . , space digits), -/ー/― or ～/〜 (cod	Expected-side relocated-writer punctuation; retain three marks
0x00A34F98	RESTORE_BASELINE	agreed	fits in place (38 <= 46); remove/lower the overriding writer [import-csv] so dialogue_overrides baseline wins; builder f	Payload fits 38/46; restore wording and punctuation
0x00A34FC8	FIX_GATE	agreed	words/punctuation count/space count identical; differs only by half/full width (! ? . , space digits), -/ー/― or ～/〜 (cod	Expected-side relocated-writer punctuation mapping
0x00A34FEC	RELOCATE	disagree fable=RELOCATE astra=DEFER	need 32 > slot 28: Part2 message-table repoint (same manifest mechanism as the already relocated neighbours); prove poin	Needs 32/28 bytes; relocation consumer unverified
0x00A3500C	FIX_GATE	agreed	words/punctuation count/space count identical; differs only by half/full width (! ? . , space digits), -/ー/― or ～/〜 (cod	Expected-side relocated-writer punctuation mapping
0x00A3506C	FIX_GATE	agreed	words/punctuation count/space count identical; differs only by half/full width (! ? . , space digits), -/ー/― or ～/〜 (cod	Expected-side relocated-writer punctuation mapping
0x00A350B4	RELOCATE	disagree fable=RELOCATE astra=DEFER	need 40 > slot 38: Part2 message-table repoint (same manifest mechanism as the already relocated neighbours); prove poin	Needs 40/38 bytes; relocation consumer unverified
0x00A351A4	FIX_GATE	agreed	words/punctuation count/space count identical; differs only by half/full width (! ? . , space digits), -/ー/― or ～/〜 (cod	Expected-side relocated-writer punctuation mapping
0x00A35228	RELOCATE	disagree fable=RELOCATE astra=DEFER	need 48 > slot 44: Part2 message-table repoint (same manifest mechanism as the already relocated neighbours); prove poin	Needs 48/44 bytes; relocation consumer unverified
0x00A35258	RELOCATE	disagree fable=RELOCATE astra=DEFER	need 48 > slot 36: Part2 message-table repoint (same manifest mechanism as the already relocated neighbours); prove poin	Needs 48/36 bytes; relocation consumer unverified
0x00A35280	RELOCATE	disagree fable=RELOCATE astra=DEFER	need 56 > slot 48: Part2 message-table repoint (same manifest mechanism as the already relocated neighbours); prove poin	Needs 56/48 bytes; relocation consumer unverified
0x00B81874	RESTORE_BASELINE	agreed	compact-glyph consumer: bytes fit (12 <= 14); add missing syllables to the compact glyph dictionary; compare through com	Payload fits 12/14; use consumer-compatible glyph encoding
0x00B818B4	RESTORE_BASELINE	agreed	fits in place (7 <= 10); remove/lower the overriding writer [import-addr-override] so dialogue_overrides baseline wins; 	Payload estimate fits 7/10; restore range symbol
0x00B819B8	RESTORE_BASELINE	agreed	fits in place (7 <= 10); remove/lower the overriding writer [import-addr-override] so dialogue_overrides baseline wins; 	Payload estimate fits 7/10; restore range symbol
0x00B819DC	RESTORE_BASELINE	agreed	fits in place (7 <= 10); remove/lower the overriding writer [import-addr-override] so dialogue_overrides baseline wins; 	Payload estimate fits 7/10; restore range symbol
0x00B81B04	RESTORE_BASELINE	agreed	compact-glyph consumer: bytes fit (6 <= 10); add missing syllables to the compact glyph dictionary; compare through comp	Payload fits 6/10; restore protected weapon label
0x00B81B14	RESTORE_BASELINE	agreed	compact-glyph consumer: bytes fit (6 <= 16); add missing syllables to the compact glyph dictionary; compare through comp	Payload fits 6/16; restore protected equipment label
0x00B81D80	RESTORE_BASELINE	agreed	write "최강의 라이벌" (baseline words; !/? dropped because this title consumer cannot render them); remove import-csv; slot 16	Payload fits 16/16; restore full title
0x00B81D94	RESTORE_BASELINE	agreed	write "결판 칠흑의 숲" (baseline words; !/? dropped because this title consumer cannot render them); remove import-csv; slot 2	Payload fits 20/22; restore full title
0x00B81DD4	RESTORE_BASELINE	agreed	write "거대한 날개" (baseline words; !/? dropped because this title consumer cannot render them); remove import-csv; slot 18;	Payload fits 14/18; restore full title
0x00B81DF0	RESTORE_BASELINE	disagree fable=FIX_GATE astra=RESTORE_BASELINE	Part1 campaign-title consumer renders !/? as noise (build:11360); ROM == baseline minus punctuation, words/spaces intact	Payload fits 12/20; restore full title
0x00B81E08	RESTORE_BASELINE	disagree fable=RESTORE_BASELINE astra=DEFER	write "아스카의 노림수" (baseline words; !/? dropped because this title consumer cannot render them); remove import-csv; slot 1	Needs 18/16 bytes; relocation consumer unverified
0x00B81E1C	RESTORE_BASELINE	disagree fable=RESTORE_BASELINE astra=DEFER	write "도미노의 능력" (baseline words; !/? dropped because this title consumer cannot render them); remove import-addr-overrid	Needs 16/14 bytes; relocation consumer unverified
0x00B81E2C	DEFER	disagree fable=ACCEPT_CURRENT_KOREAN astra=DEFER	current ROM == baseline minus "!" which this Part1 title consumer renders as noise (build_korean_full.py:11360); record 	Needs 12/10 bytes; relocation consumer unverified
0x00B81E38	RESTORE_BASELINE	agreed	write "키쿠치요의 실수" (baseline words; !/? dropped because this title consumer cannot render them); remove import-csv; slot 2	Payload fits 18/20; restore full title
0x00B81E50	RESTORE_BASELINE	disagree fable=RESTORE_BASELINE astra=DEFER	write "최강 키쿠치요부대 (one space dropped for fit)" (baseline words; !/? dropped because this title consumer cannot render the	Needs 22/18 bytes; relocation consumer unverified
0x00B81E64	RESTORE_BASELINE	disagree fable=FIX_GATE astra=RESTORE_BASELINE	Part1 campaign-title consumer renders !/? as noise (build:11360); ROM == baseline minus punctuation, words/spaces intact	Payload fits 16/18; restore full title
0x00B81E78	RESTORE_BASELINE	disagree fable=RESTORE_BASELINE astra=DEFER	write "특수부대장 도미노 (one space dropped for fit)" (baseline words; !/? dropped because this title consumer cannot render the	Needs 22/18 bytes; relocation consumer unverified
0x00B81E98	RESTORE_BASELINE	disagree fable=RESTORE_BASELINE astra=DEFER	write "눈 속의 싸움" (baseline words; !/? dropped because this title consumer cannot render them); remove import-csv; slot 14	Needs 16/14 bytes; relocation consumer unverified
0x00B81EA8	RESTORE_BASELINE	disagree fable=FIX_GATE astra=RESTORE_BASELINE	Part1 campaign-title consumer renders !/? as noise (build:11360); ROM == baseline minus punctuation, words/spaces intact	Payload fits 10/12; restore exclamation mark
0x00B81EB8	RESTORE_BASELINE	disagree fable=FIX_GATE astra=RESTORE_BASELINE	Part1 campaign-title consumer renders !/? as noise (build:11360); ROM == baseline minus punctuation, words/spaces intact	Payload fits 20/20; restore full title
0x00B81ED0	RESTORE_BASELINE	disagree fable=FIX_GATE astra=RESTORE_BASELINE	Part1 campaign-title consumer renders !/? as noise (build:11360); ROM == baseline minus punctuation, words/spaces intact	Payload fits 14/14; restore full title
0x00B81EE0	RESTORE_BASELINE	agreed	write "맥스의 약점" (baseline words; !/? dropped because this title consumer cannot render them); remove import-csv; slot 18;	Payload fits 16/18; restore full title
0x00B81EF4	RESTORE_BASELINE	disagree fable=FIX_GATE astra=RESTORE_BASELINE	Part1 campaign-title consumer renders !/? as noise (build:11360); ROM == baseline minus punctuation, words/spaces intact	Payload fits 12/14; restore full title
0x00B81F04	RESTORE_BASELINE	disagree fable=RESTORE_BASELINE astra=DEFER	write "하늘의용사 (space dropped for fit; user may prefer current)" (baseline words; !/? dropped because this title consumer 	Needs 14/10 bytes; relocation consumer unverified
0x00B81F10	RESTORE_BASELINE	disagree fable=FIX_GATE astra=RESTORE_BASELINE	Part1 campaign-title consumer renders !/? as noise (build:11360); ROM == baseline minus punctuation, words/spaces intact	Payload fits 12/16; restore full title
0x00B81F5C	RESTORE_BASELINE	disagree fable=FIX_GATE astra=RESTORE_BASELINE	Part1 campaign-title consumer renders !/? as noise (build:11360); ROM == baseline minus punctuation, words/spaces intact	Payload fits 14/16; restore full title
0x00B81F70	RESTORE_BASELINE	disagree fable=RESTORE_BASELINE astra=DEFER	write "대공을제압하라 (space dropped for fit)" (baseline words; !/? dropped because this title consumer cannot render them); re	Needs 18/14 bytes; relocation consumer unverified
0x00B81F98	RESTORE_BASELINE	agreed	write "드래곤플라이" (baseline words; !/? dropped because this title consumer cannot render them); remove import-csv; slot 16;	Payload fits 14/16; restore full title
0x00B81FAC	RESTORE_BASELINE	disagree fable=RESTORE_BASELINE astra=DEFER	write "지상 최강 중전차" (baseline words; !/? dropped because this title consumer cannot render them); remove import-csv; slot 	Needs 24/20 bytes; relocation consumer unverified
0x00B81FC4	RESTORE_BASELINE	disagree fable=RESTORE_BASELINE astra=DEFER	write "적 부대를 해치워라" (baseline words; !/? dropped because this title consumer cannot render them); remove import-csv; slot	Needs 22/20 bytes; relocation consumer unverified
0x00B81FDC	RESTORE_BASELINE	agreed	write "싸워라　고물 전차" (baseline words; !/? dropped because this title consumer cannot render them); remove import-csv; slot 	Payload fits 20/20; restore full title
0x00B81FF4	RESTORE_BASELINE	disagree fable=RESTORE_BASELINE astra=DEFER	write "전선기지를 확보하라 (one space dropped for fit)" (baseline words; !/? dropped because this title consumer cannot render th	Needs 24/20 bytes; relocation consumer unverified
0x00B82018	DEFER	disagree fable=ACCEPT_CURRENT_KOREAN astra=DEFER	current ROM == baseline minus "!" which this Part1 title consumer renders as noise (build_korean_full.py:11360); record 	Needs 12/10 bytes; relocation consumer unverified
0x00B826A8	RESTORE_BASELINE	disagree fable=RESTORE_BASELINE astra=DEFER	in place using halfwidth 0x20 spaces (A2 map-select hook 0xF30400 renders 0x20 as blank): bytes 10/12/12 <= slot 10; rem	Needs 12/10 bytes; relocation consumer unverified
0x00B8277C	RESTORE_BASELINE	disagree fable=RESTORE_BASELINE astra=DEFER	in place using halfwidth 0x20 spaces (A2 map-select hook 0xF30400 renders 0x20 as blank): bytes 10/12/12 <= slot 12; rem	Needs 14/12 bytes; relocation consumer unverified
0x00B827AC	RESTORE_BASELINE	disagree fable=RESTORE_BASELINE astra=DEFER	in place using halfwidth 0x20 spaces (A2 map-select hook 0xF30400 renders 0x20 as blank): bytes 10/12/12 <= slot 12; rem	Needs 14/12 bytes; relocation consumer unverified
0x00B82D2A	RESTORE_BASELINE	agreed	compact-glyph consumer: bytes fit (2 <= 6); add missing syllables to the compact glyph dictionary; compare through compa	Payload fits 2/6; restore protected label
0x00B82D36	RESTORE_BASELINE	agreed	compact-glyph consumer: bytes fit (6 <= 10); add missing syllables to the compact glyph dictionary; compare through comp	Payload fits 6/10; restore commander label
0x00B82D58	RESTORE_BASELINE	disagree fable=RESTORE_BASELINE astra=DEFER	compact battle-menu font: 모드 선택 (10 <= 14), add compact glyphs 모/드/선/택; consistent with 0xA2992C; remove part1-battle-me	Mode-selection versus exit action needs UX context
0x00B82D6A	RESTORE_BASELINE	agreed	compact-glyph consumer: bytes fit (8 <= 8); add missing syllables to the compact glyph dictionary; compare through compa	Payload fits 8/8; restore protected label
0x00B82D82	RESTORE_BASELINE	agreed	compact-glyph consumer: bytes fit (10 <= 10); add missing syllables to the compact glyph dictionary; compare through com	Payload fits 10/10; restore protected animation label
0x00B82D92	RESTORE_BASELINE	disagree fable=RESTORE_BASELINE astra=DEFER	compact-glyph consumer: bytes fit (10 <= 8); add missing syllables to the compact glyph dictionary; compare through comp	Needs 10/8 bytes; animation-mode meaning and relocation unverified
0x00B82D9E	RESTORE_BASELINE	disagree fable=RESTORE_BASELINE astra=DEFER	compact-glyph consumer: bytes fit (9 <= 8); add missing syllables to the compact glyph dictionary; compare through compa	Needs 9/8 bytes; animation-mode meaning and relocation unverified
0x00B82DAA	RESTORE_BASELINE	disagree fable=RESTORE_BASELINE astra=DEFER	compact-glyph consumer: bytes fit (9 <= 8); add missing syllables to the compact glyph dictionary; compare through compa	Needs 9/8 bytes; animation-mode meaning and relocation unverified
0x00B82DB6	RESTORE_BASELINE	agreed	compact-glyph consumer: bytes fit (10 <= 10); add missing syllables to the compact glyph dictionary; compare through com	Payload fits 10/10; restore protected music label
0x00B82DC6	RESTORE_BASELINE	agreed	compact-glyph consumer: bytes fit (10 <= 10); add missing syllables to the compact glyph dictionary; compare through com	Payload fits 10/10; restore protected music label
0x00B82FAC	RELOCATE	disagree fable=RELOCATE astra=DEFER	need 46 > slot 44: Part1 link-message repoint (same manifest as relocated 0xB8306C/0xB830EC); prove pointer/consumer fir	Needs 46/44 bytes; preserve power-off warning pending relocation
0x00B8301C	RELOCATE	disagree fable=RELOCATE astra=DEFER	need 40 > slot 38: Part1 link-message repoint (same manifest as relocated 0xB8306C/0xB830EC); prove pointer/consumer fir	Needs 40/38 bytes; relocation consumer unverified
0x00B83044	RELOCATE	disagree fable=RELOCATE astra=DEFER	need 40 > slot 38: Part1 link-message repoint (same manifest as relocated 0xB8306C/0xB830EC); prove pointer/consumer fir	Needs 40/38 bytes; relocation consumer unverified
0x00B8306C	FIX_GATE	agreed	words/punctuation count/space count identical; differs only by half/full width (! ? . , space digits), -/ー/― or ～/〜 (cod	Expected-side relocated-writer punctuation mapping
0x00B830AC	RESTORE_BASELINE	agreed	fits in place (24 <= 24); remove/lower the overriding writer [fixed_zero_text] so dialogue_overrides baseline wins; buil	Payload fits 24/24; restore protected instruction
0x00B830C8	RELOCATE	disagree fable=RELOCATE astra=DEFER	need 46 > slot 34: Part1 link-message repoint (same manifest as relocated 0xB8306C/0xB830EC); prove pointer/consumer fir	Needs 46/34 bytes; relocation consumer unverified
0x00B830EC	FIX_GATE	agreed	words/punctuation count/space count identical; differs only by half/full width (! ? . , space digits), -/ー/― or ～/〜 (cod	Expected-side relocated-writer punctuation mapping
0x00B8310C	FIX_GATE	agreed	words/punctuation count/space count identical; differs only by half/full width (! ? . , space digits), -/ー/― or ～/〜 (cod	Expected-side relocated-writer punctuation mapping
0x00B83130	RESTORE_BASELINE	agreed	fits in place (38 <= 46); remove/lower the overriding writer [import-csv] so dialogue_overrides baseline wins; builder f	Payload fits 38/46; restore wording and punctuation
0x00B83188	FIX_GATE	agreed	words/punctuation count/space count identical; differs only by half/full width (! ? . , space digits), -/ー/― or ～/〜 (cod	Expected-side relocated-writer punctuation; retain three marks
0x00B8319C	RELOCATE	disagree fable=FIX_GATE astra=RELOCATE	words/punctuation count/space count identical; differs only by half/full width (! ? . , space digits), -/ー/― or ～/〜 (cod	Rebuild msg B8319C; repoint manifest sites; restore missing middle dot
0x00B8322C	RESTORE_BASELINE	agreed	compact-glyph consumer: bytes fit (36 <= 36); add missing syllables to the compact glyph dictionary; compare through com	Payload fits 36/36; repair corrupted protected instruction
0x00B83254	FIX_GATE	agreed	words/punctuation count/space count identical; differs only by half/full width (! ? . , space digits), -/ー/― or ～/〜 (cod	Expected-side fixed-writer punctuation; verify consumer mapping
0x00B83268	FIX_GATE	agreed	words/punctuation count/space count identical; differs only by half/full width (! ? . , space digits), -/ー/― or ～/〜 (cod	Expected-side fixed-writer punctuation; verify consumer mapping
0x00B83870	FIX_GATE	disagree fable=FIX_GATE astra=ACCEPT_CURRENT_KOREAN	leading fullwidth padding in ROM equals the native JP padding (layout, not wording); words identical; gate strips leadin	Retain three leading fullwidth alignment cells; wording unchanged
0x00B8387C	FIX_GATE	disagree fable=FIX_GATE astra=ACCEPT_CURRENT_KOREAN	leading fullwidth padding in ROM equals the native JP padding (layout, not wording); words identical; gate strips leadin	Retain three leading fullwidth alignment cells; wording unchanged
0x00B838A4	FIX_GATE	disagree fable=FIX_GATE astra=ACCEPT_CURRENT_KOREAN	leading fullwidth padding in ROM equals the native JP padding (layout, not wording); words identical; gate strips leadin	Retain four leading fullwidth alignment cells; wording unchanged
0x00B838B0	FIX_GATE	disagree fable=FIX_GATE astra=ACCEPT_CURRENT_KOREAN	leading fullwidth padding in ROM equals the native JP padding (layout, not wording); words identical; gate strips leadin	Retain four leading fullwidth alignment cells; wording unchanged
0x00B838BC	FIX_GATE	disagree fable=FIX_GATE astra=ACCEPT_CURRENT_KOREAN	leading fullwidth padding in ROM equals the native JP padding (layout, not wording); words identical; gate strips leadin	Retain three leading fullwidth alignment cells; wording unchanged
0x00B839B4	RESTORE_BASELINE	disagree fable=FIX_GATE astra=RESTORE_BASELINE	compact consumer drops spaces by design (COMPACT_GLYPH_DROP_CHARS); compact_glyph_display_text(baseline) == ROM; gate mu	Payload fits 12/12; restore authored spaces
0x00B839F0	RESTORE_BASELINE	agreed	compact-glyph consumer: bytes fit (2 <= 6); add missing syllables to the compact glyph dictionary; compare through compa	Payload fits 2/6; restore protected label
0x00B83A3C	FIX_GATE	agreed	words/punctuation count/space count identical; differs only by half/full width (! ? . , space digits), -/ー/― or ～/〜 (cod	Expected-side relocated-writer punctuation mapping
0x00B83A64	RELOCATE	disagree fable=RELOCATE astra=DEFER	need 54 > slot 44: Part1 CO battle-quote repoint (same manifest as relocated 0xB83A3C/0xB83D10); prove pointer/consumer 	Needs 54/44 bytes; relocation consumer unverified
0x00B83A98	FIX_GATE	agreed	words/punctuation count/space count identical; differs only by half/full width (! ? . , space digits), -/ー/― or ～/〜 (cod	Expected-side relocated-writer punctuation; preserve digit behavior
0x00B83AC8	RESTORE_BASELINE	disagree fable=FIX_GATE astra=RESTORE_BASELINE	writer source == baseline; difference is the documented ellipsis-run conversion (・run(+。) -> ellipsis/..., build:368-372	Payload fits 38/42; restore visible middle-dot ellipsis
0x00B83CC0	RESTORE_BASELINE	agreed	fits in place (44 <= 44); remove/lower the overriding writer [import-csv] so dialogue_overrides baseline wins; builder f	Payload fits 44/44; restore protected wording
0x00B83D10	FIX_GATE	agreed	words/punctuation count/space count identical; differs only by half/full width (! ? . , space digits), -/ー/― or ～/〜 (cod	Expected-side relocated-writer punctuation mapping
0x00B83DB0	RELOCATE	disagree fable=RELOCATE astra=DEFER	need 42 > slot 40: Part1 CO battle-quote repoint (same manifest as relocated 0xB83A3C/0xB83D10); prove pointer/consumer 	Needs 42/40 bytes; relocation consumer unverified
0x00B83DE0	RESTORE_BASELINE	disagree fable=FIX_GATE astra=RESTORE_BASELINE	writer source == baseline; difference is the documented ellipsis-run conversion (・run(+。) -> ellipsis/..., build:368-372	Payload fits 26/34; restore visible middle-dot ellipsis
0x00B83EB8	RESTORE_BASELINE	agreed	fits in place (15 <= 18); remove/lower the overriding writer [import-csv] so dialogue_overrides baseline wins; builder f	Payload fits 15/18; restore protected wording
0x00B83F74	RESTORE_BASELINE	agreed	fits in place (32 <= 44); remove/lower the overriding writer [import-csv] so dialogue_overrides baseline wins; builder f	Payload fits 32/44; restore protected wording
0x00B83FA8	RELOCATE	disagree fable=RELOCATE astra=DEFER	need 45 > slot 42: Part1 CO battle-quote repoint (same manifest as relocated 0xB83A3C/0xB83D10); prove pointer/consumer 	Needs 45/42 bytes; relocation consumer unverified
0x00B84128	RESTORE_BASELINE	disagree fable=FIX_GATE astra=RESTORE_BASELINE	writer source == baseline; difference is the documented ellipsis-run conversion (・run(+。) -> ellipsis/..., build:368-372	Payload fits 10/10; restore four dots and terminal punctuation
0x00B84238	RESTORE_BASELINE	disagree fable=FIX_GATE astra=RESTORE_BASELINE	writer source == baseline; difference is the documented ellipsis-run conversion (・run(+。) -> ellipsis/..., build:368-372	Payload fits 34/34; restore visible middle-dot ellipsis
0x00B84298	RELOCATE	disagree fable=RELOCATE astra=DEFER	need 32 > slot 26: Part1 CO battle-quote repoint (same manifest as relocated 0xB83A3C/0xB83D10); prove pointer/consumer 	Needs 32/26 bytes; relocation consumer unverified
0x00B84E50	DEFER	disagree fable=ACCEPT_CURRENT_KOREAN astra=DEFER	not B-team text: creation baseline (04acafb) was untranslated katakana; Korean transliteration was added by fa194d0 with	Needs 18/16 bytes; relocation consumer unverified
0x00B84E64	RESTORE_BASELINE	disagree fable=ACCEPT_CURRENT_KOREAN astra=RESTORE_BASELINE	not B-team text: creation baseline (04acafb) was untranslated katakana; Korean transliteration was added by fa194d0 with	Payload fits 16/20; restore full ability name
0x00B84E7C	RESTORE_BASELINE	disagree fable=ACCEPT_CURRENT_KOREAN astra=RESTORE_BASELINE	not B-team text: creation baseline (04acafb) was untranslated katakana; Korean transliteration was added by fa194d0 with	Payload fits 16/20; restore full ability name
0x00B84E94	RESTORE_BASELINE	disagree fable=ACCEPT_CURRENT_KOREAN astra=RESTORE_BASELINE	not B-team text: creation baseline (04acafb) was untranslated katakana; Korean transliteration was added by fa194d0 with	Payload fits 8/14; restore full ability name
0x00B84EA4	RESTORE_BASELINE	disagree fable=ACCEPT_CURRENT_KOREAN astra=RESTORE_BASELINE	not B-team text: creation baseline (04acafb) was untranslated katakana; Korean transliteration was added by fa194d0 with	Payload fits 8/18; restore full ability name
0x00B84EB8	RESTORE_BASELINE	disagree fable=ACCEPT_CURRENT_KOREAN astra=RESTORE_BASELINE	not B-team text: creation baseline (04acafb) was untranslated katakana; Korean transliteration was added by fa194d0 with	Payload fits 18/18; restore full ability name
0x00B84ECC	RESTORE_BASELINE	disagree fable=ACCEPT_CURRENT_KOREAN astra=RESTORE_BASELINE	not B-team text: creation baseline (04acafb) was untranslated katakana; Korean transliteration was added by fa194d0 with	Payload fits 10/16; restore full ability name
0x00B84EE0	RESTORE_BASELINE	disagree fable=ACCEPT_CURRENT_KOREAN astra=RESTORE_BASELINE	not B-team text: creation baseline (04acafb) was untranslated katakana; Korean transliteration was added by fa194d0 with	Payload fits 12/14; restore full ability name
0x00B84EF0	RESTORE_BASELINE	disagree fable=ACCEPT_CURRENT_KOREAN astra=RESTORE_BASELINE	not B-team text: creation baseline (04acafb) was untranslated katakana; Korean transliteration was added by fa194d0 with	Payload fits 12/16; restore full ability name
0x00B84F04	RESTORE_BASELINE	disagree fable=ACCEPT_CURRENT_KOREAN astra=RESTORE_BASELINE	not B-team text: creation baseline (04acafb) was untranslated katakana; Korean transliteration was added by fa194d0 with	Payload fits 14/14; restore full ability name
0x00B84F14	RESTORE_BASELINE	disagree fable=ACCEPT_CURRENT_KOREAN astra=RESTORE_BASELINE	not B-team text: creation baseline (04acafb) was untranslated katakana; Korean transliteration was added by fa194d0 with	Payload fits 12/16; restore full ability name
0x00D82134	RESTORE_BASELINE	agreed	fits in place (32 <= 38); remove/lower the overriding writer [dialogue-override] so dialogue_overrides baseline wins; bu	Payload fits 32/38; restore numerals and comma
0x00D8215C	RELOCATE	disagree fable=RELOCATE astra=DEFER	need 50 > slot 44: Part1 map-editor help repoint (same manifest as relocated 0xD82218); prove pointer/consumer first	Needs 50/44 bytes; relocation consumer unverified
0x00D82198	RESTORE_BASELINE	agreed	fits in place (32 <= 46); remove/lower the overriding writer [dialogue-override] so dialogue_overrides baseline wins; bu	Payload fits 32/46; restore numerals and commas
0x00D821C8	RESTORE_BASELINE	agreed	fits in place (34 <= 38); remove/lower the overriding writer [dialogue-override] so dialogue_overrides baseline wins; bu	Payload fits 34/38; restore sentence punctuation
0x00D821F0	RELOCATE	disagree fable=RELOCATE astra=DEFER	need 38 > slot 36: Part1 map-editor help repoint (same manifest as relocated 0xD82218); prove pointer/consumer first	Needs 38/36 bytes; relocation consumer unverified
0x00D82218	RELOCATE	agreed	row already relocated: rewrite the relocated span with the baseline text (re-wrap only, words/punct intact; need 40), up	Rebuild msg D82218; repoint manifest sites; remap baseline span
0x00D8223C	RESTORE_BASELINE	agreed	fits in place (30 <= 30); remove/lower the overriding writer [dialogue-override] so dialogue_overrides baseline wins; bu	Payload fits 30/30; restore sentence punctuation
0x00D8225C	RESTORE_BASELINE	agreed	fits in place (30 <= 30); remove/lower the overriding writer [dialogue-override] so dialogue_overrides baseline wins; bu	Payload fits 30/30; restore sentence punctuation
0x00D8227C	RESTORE_BASELINE	agreed	fits in place (22 <= 24); remove/lower the overriding writer [dialogue-override] so dialogue_overrides baseline wins; bu	Payload fits 22/24; restore sentence punctuation
0x00D822AC	RESTORE_BASELINE	agreed	fits in place (20 <= 20); remove/lower the overriding writer [dialogue-override] so dialogue_overrides baseline wins; bu	Payload fits 20/20; restore sentence punctuation
0x00D9009E	FIX_GATE	disagree fable=FIX_GATE astra=DEFER	ROM slot (73) holds the merged two-row sentence; baseline keys only the first fragment which matches as prefix after wid	Merged continuation; standalone restore may delete meaning
0x00D910C6	RESTORE_BASELINE	disagree fable=RESTORE_BASELINE astra=DEFER	fix direct override (build:12136) which changed words and duplicated 공격; write 여기로 이동하지 않으면 (24) + continuation; if merg	Merged row duplicates attack; split ownership unverified
0x00D9159E	FIX_GATE	agreed	words/punctuation count/space count identical; differs only by half/full width (! ? . , space digits), -/ー/― or ～/〜 (cod	Check authored trailing space before rstrip; fail actual omission
0x00D9444E	RELOCATE	agreed	row already relocated: rewrite the relocated span with the baseline text (re-wrap only, words/punct intact; need 46), up	Rebuild msg D9444C; repoint manifest sites; remap baseline span
0x00D94552	RELOCATE	disagree fable=RELOCATE astra=DEFER	need 46 > slot 40: Part1 dialogue_repoint via 0x19 command-stream (existing mechanism); prove pointer/consumer first	Needs 46/40 bytes; relocation consumer unverified
0x00D965DE	RELOCATE	agreed	row already relocated: rewrite the relocated span with the baseline text (re-wrap only, words/punct intact; need 48), up	Rebuild msg D965DC; repoint manifest sites; remap baseline span
0x00D9EDB6	RELOCATE	disagree fable=RELOCATE astra=DEFER	need 46 > slot 34: Part1 dialogue_repoint via 0x19 command-stream (existing mechanism); prove pointer/consumer first	Needs 46/34 bytes; relocation consumer unverified
0x00DC3B0E	RESTORE_BASELINE	disagree fable=FIX_GATE astra=RESTORE_BASELINE	writer source == baseline; difference is the documented ellipsis-run conversion (・run(+。) -> ellipsis/..., build:368-372	Payload fits 10/10; restore four-dot count
0x00DC495E	RESTORE_BASELINE	disagree fable=FIX_GATE astra=RESTORE_BASELINE	writer source == baseline; difference is the documented ellipsis-run conversion (・run(+。) -> ellipsis/..., build:368-372	Payload fits 10/10; restore four-dot count
0x00DC4B2A	RESTORE_BASELINE	disagree fable=FIX_GATE astra=RESTORE_BASELINE	writer source == baseline; difference is the documented ellipsis-run conversion (・run(+。) -> ellipsis/..., build:368-372	Payload fits 10/10; restore four-dot count
0x00DC4F02	FIX_GATE	agreed	words/punctuation count/space count identical; differs only by half/full width (! ? . , space digits), -/ー/― or ～/〜 (cod	Part1 expected-side dash mapping; preserve words and spaces
0x00DC51AE	RESTORE_BASELINE	disagree fable=FIX_GATE astra=RESTORE_BASELINE	writer source == baseline; difference is the documented ellipsis-run conversion (・run(+。) -> ellipsis/..., build:368-372	Payload fits 10/10; restore four-dot count
0x00DC5812	RESTORE_BASELINE	disagree fable=FIX_GATE astra=RESTORE_BASELINE	writer source == baseline; difference is the documented ellipsis-run conversion (・run(+。) -> ellipsis/..., build:368-372	Payload fits 10/10; restore four-dot count
0x00DC5D12	RESTORE_BASELINE	disagree fable=FIX_GATE astra=RESTORE_BASELINE	writer source == baseline; difference is the documented ellipsis-run conversion (・run(+。) -> ellipsis/..., build:368-372	Payload fits 8/8; restore four-dot count
0x00DC7006	RESTORE_BASELINE	disagree fable=FIX_GATE astra=RESTORE_BASELINE	writer source == baseline; difference is the documented ellipsis-run conversion (・run(+。) -> ellipsis/..., build:368-372	Payload fits 10/10; restore four-dot count
0x00DC9662	RESTORE_BASELINE	disagree fable=FIX_GATE astra=RESTORE_BASELINE	writer source == baseline; difference is the documented ellipsis-run conversion (・run(+。) -> ellipsis/..., build:368-372	Payload fits 10/10; restore four-dot count
0x00DCB0BA	RESTORE_BASELINE	disagree fable=FIX_GATE astra=RESTORE_BASELINE	writer source == baseline; difference is the documented ellipsis-run conversion (・run(+。) -> ellipsis/..., build:368-372	Payload fits 8/8; restore four-dot count
0x00DCB1BE	RELOCATE	disagree fable=RELOCATE astra=DEFER	need 58 > slot 42: Part1 dialogue_repoint via 0x19 command-stream (existing mechanism); prove pointer/consumer first	Needs 58/42 bytes; relocation consumer unverified
0x00DCBD36	RELOCATE	disagree fable=FIX_GATE astra=RELOCATE	writer source == baseline; difference is the documented ellipsis-run conversion (・run(+。) -> ellipsis/..., build:368-372	Rebuild msg DCBD34; repoint manifest sites; restore four-dot count
0x00DCC63A	RELOCATE	agreed	row already relocated: rewrite the relocated span with the baseline text (re-wrap only, words/punct intact; need 46), up	Rebuild msg DCC638; repoint manifest sites; remap baseline span
0x00DCD9DA	RELOCATE	agreed	row already relocated: rewrite the relocated span with the baseline text (re-wrap only, words/punct intact; need 46), up	Rebuild msg DCD9D8; repoint manifest sites; remap baseline span
0x00DCE89A	RELOCATE	disagree fable=RELOCATE astra=DEFER	need 52 > slot 44: Part1 dialogue_repoint via 0x19 command-stream (existing mechanism); prove pointer/consumer first	Needs 52/44 bytes; relocation consumer unverified
0x00DCFA8E	RELOCATE	agreed	row already relocated: rewrite the relocated span with the baseline text (re-wrap only, words/punct intact; need 48), up	Rebuild msg DCFA8C; repoint manifest sites; remap baseline span
0x00DD010A	RELOCATE	agreed	row already relocated: rewrite the relocated span with the baseline text (re-wrap only, words/punct intact; need 50), up	Rebuild msg DD0108; repoint manifest sites; remap baseline span
0x00DD1476	RESTORE_BASELINE	disagree fable=FIX_GATE astra=RESTORE_BASELINE	writer source == baseline; difference is the documented ellipsis-run conversion (・run(+。) -> ellipsis/..., build:368-372	Payload fits 10/10; restore four-dot count
0x00DF1EEE	RELOCATE	agreed	row already relocated: rewrite the relocated span with the baseline text (re-wrap only, words/punct intact; need 48), up	Rebuild msg DF1EEC; repoint manifest sites; remap baseline span
0x00DF207A	RELOCATE	agreed	row already relocated: rewrite the relocated span with the baseline text (re-wrap only, words/punct intact; need 46), up	Rebuild msg DF2078; repoint manifest sites; remap baseline span
0x00DF20BA	RELOCATE	agreed	row already relocated: rewrite the relocated span with the baseline text (re-wrap only, words/punct intact; need 56), up	Rebuild msg DF20B8; repoint manifest sites; remap baseline span
0x00DF21AE	RELOCATE	disagree fable=RELOCATE astra=DEFER	need 46 > slot 40: Part1 dialogue_repoint via 0x19 command-stream (existing mechanism); prove pointer/consumer first	Needs 46/40 bytes; relocation consumer unverified
0x00DF228E	RELOCATE	disagree fable=RELOCATE astra=DEFER	need 46 > slot 44: Part1 dialogue_repoint via 0x19 command-stream (existing mechanism); prove pointer/consumer first	Needs 46/44 bytes; relocation consumer unverified
0x00DF239E	RELOCATE	agreed	row already relocated: rewrite the relocated span with the baseline text (re-wrap only, words/punct intact; need 46), up	Rebuild msg DF239C; repoint manifest sites; remap baseline span
0x00DF25FA	RELOCATE	disagree fable=RELOCATE astra=DEFER	need 46 > slot 38: Part1 dialogue_repoint via 0x19 command-stream (existing mechanism); prove pointer/consumer first	Needs 46/38 bytes; relocation consumer unverified
0x00DF26FE	RELOCATE	disagree fable=RELOCATE astra=DEFER	need 46 > slot 40: Part1 dialogue_repoint via 0x19 command-stream (existing mechanism); prove pointer/consumer first	Needs 46/40 bytes; relocation consumer unverified
0x00DF2806	RELOCATE	disagree fable=RELOCATE astra=DEFER	need 46 > slot 40: Part1 dialogue_repoint via 0x19 command-stream (existing mechanism); prove pointer/consumer first	Needs 46/40 bytes; relocation consumer unverified
0x00DF28C2	RELOCATE	disagree fable=RELOCATE astra=DEFER	need 48 > slot 42: Part1 dialogue_repoint via 0x19 command-stream (existing mechanism); prove pointer/consumer first	Needs 48/42 bytes; relocation consumer unverified
0x00DF3AC3	RESTORE_BASELINE	agreed	B-team padding == JP padding, ROM dropped it; restore in place (6 <= 10), remove dialogue-override	Restore two leading fullwidth cells; literal payload fits 8/10
0x00DF3AD2	RESTORE_BASELINE	agreed	B-team padding == JP padding, ROM dropped it; restore in place (6 <= 16), remove dialogue-override	Restore three leading fullwidth cells; literal payload fits 10/16
0x00DF8BBA	RESTORE_BASELINE	agreed	compact-glyph consumer: bytes fit (4 <= 8); add missing syllables to the compact glyph dictionary; compare through compa	Restore unit terminology through compact glyph writer; verify padding
0x00DF8BC6	RESTORE_BASELINE	agreed	compact-glyph consumer: bytes fit (6 <= 8); add missing syllables to the compact glyph dictionary; compare through compa	Restore complete participation label through compact glyph writer
0x00DF8C1A	RESTORE_BASELINE	agreed	compact-glyph consumer: bytes fit (8 <= 12); add missing syllables to the compact glyph dictionary; compare through comp	Restore unit-status terminology through compact glyph writer
0x00DFA6E2	RESTORE_BASELINE	agreed	fits in place (20 <= 22); remove/lower the overriding writer [dialogue-override] so dialogue_overrides baseline wins; bu	Payload fits 20/22; restore protected wording
0x00E062DE	RESTORE_BASELINE	disagree fable=FIX_GATE astra=RESTORE_BASELINE	writer source == baseline; difference is the documented ellipsis-run conversion (・run(+。) -> ellipsis/..., build:368-372	Payload fits 8/8; restore four-dot count
0x00E064B2	RESTORE_BASELINE	disagree fable=FIX_GATE astra=RESTORE_BASELINE	writer source == baseline; difference is the documented ellipsis-run conversion (・run(+。) -> ellipsis/..., build:368-372	Payload fits 10/10; restore four-dot count
0x00E0F6E2	RELOCATE	disagree fable=RELOCATE astra=DEFER	need 46 > slot 40: Part1 dialogue_repoint via 0x19 command-stream (existing mechanism); prove pointer/consumer first	Needs 46/40 bytes; relocation consumer unverified
0x00E0F7EE	RESTORE_BASELINE	disagree fable=FIX_GATE astra=RESTORE_BASELINE	writer source == baseline; difference is the documented ellipsis-run conversion (・run(+。) -> ellipsis/..., build:368-372	Payload fits 10/10; restore four-dot count
0x00E10D7A	RELOCATE	disagree fable=RELOCATE astra=DEFER	need 18 > slot 16: Part1 dialogue_repoint via 0x19 command-stream (existing mechanism); prove pointer/consumer first	Needs 18/16 bytes; relocation consumer unverified
0x00EC30A2	RELOCATE	disagree fable=RELOCATE astra=DEFER	need 56 > slot 46: pointer-table repoint; prove consumer pointer first; prove pointer/consumer first; one-line help/desc	Needs 56/46 bytes; relocation consumer unverified
0x00EC312E	RELOCATE	disagree fable=RELOCATE astra=DEFER	need 52 > slot 46: pointer-table repoint; prove consumer pointer first; prove pointer/consumer first; one-line help/desc	Needs 52/46 bytes; preserve approved baseline pending relocation
0x00EC3162	RELOCATE	disagree fable=RELOCATE astra=DEFER	need 56 > slot 44: pointer-table repoint; prove consumer pointer first; prove pointer/consumer first; one-line help/desc	Needs 56/44 bytes; relocation consumer unverified
0x00EC3192	RELOCATE	disagree fable=RELOCATE astra=DEFER	need 44 > slot 42: pointer-table repoint; prove consumer pointer first; prove pointer/consumer first; one-line help/desc	Needs 44/42 bytes; relocation consumer unverified
0x00EC3246	RELOCATE	disagree fable=RELOCATE astra=DEFER	need 56 > slot 40: pointer-table repoint; prove consumer pointer first; prove pointer/consumer first; one-line help/desc	Needs 56/40 bytes; relocation consumer unverified
