msg	wait_ordinal	prev_word	next_word	before	after	jp_prev	jp_next	decision	reason
0x00A01AB0	0	랜드를	워즈	매크로랜드를‖w워즈월드안에서	매크로랜드를␣w워즈월드안에서	マクロランドを、	このウォーズワールドにおける	space	separate words; Korean spacing
0x00A024A0	0	어이	왜	어이‖w왜레드스타군을	어이␣w왜레드스타군을	おい、	なんでレッドスター軍を	space	separate words; Korean spacing
0x00A02628	3	군은	성가신	블랙홀군은‖w성가신상대야。	블랙홀군은␣w성가신상대야。	ブラックホール軍・・・	やっかいな相手だわ。	space	separate words; Korean spacing
0x00A02684	0	！	적의	사령！‖w적의남은부대를확인했습니다！ww	사령！␣w적의남은부대를확인했습니다！ww	司令！	　敵の残りの部隊を確認しました！	space	after ！/？, next phrase
0x00A02788	3	힘을	보여	내힘을‖w보여주려고했는데。	내힘을␣w보여주려고했는데。	ぼくの力を	見せてやろうと思ったのに。	space	separate words; Korean spacing
0x00A027C4	2	당신은	메카에	당신은‖w메카에관해서는천재지만、	당신은␣w메카에관해서는천재지만、	あなたは	メカに関しては天才だけど、	space	separate words; Korean spacing
0x00A028B8	2	적군은	오른쪽	적군은‖w오른쪽위검은유닛	적군은␣w오른쪽위검은유닛	敵軍は、	右上にいる黒いユニットよ。	space	separate words; Korean spacing
0x00A02908	0	목표는	적	이번목표는‖w적본부점령	이번목표는␣w적본부점령	ここでの私達の目的は、	敵の本部を占領するか	space	separate words; Korean spacing
0x00A02908	1	전멸	이	또는적전멸‖w이땅을되찾는거야	또는적전멸␣w이땅을되찾는거야	敵を全滅させて、	この土地を取り戻すこと。	space	이 = demonstrative (이 땅을), new phrase
0x00A0299C	0	！	바로	좋아！‖ww바로출발하자	좋아！␣ww바로출발하자	よし！	すぐ出発するぞ！	space	after ！/？, next phrase
0x00A029B8	0	마	서둘러	서두르지마‖ww서둘러가도w	서두르지마␣ww서둘러가도w	そうあわてないで。	あせって進んでも、	space	separate words; Korean spacing
0x00A029B8	3	전에	우선	전투전에‖w우선기본적인조작법을	전투전에␣w우선기본적인조작법을	戦いの前に、	まずは基本的な動かし方を	space	separate words; Korean spacing
0x00A02A48	0	먼저	유닛에	먼저‖w유닛에명령하려면w	먼저␣w유닛에명령하려면w	まず、	ユニットに命令するには、	space	separate words; Korean spacing
0x00A02A48	2	이	커서를	이‖w커서를써w봐	이␣w커서를써w봐	この	「カーソル」	space	separate words; Korean spacing
0x00A02A48	3	써	봐	이w커서를써‖w봐	이w커서를써␣w봐	「カーソル」	を使うの。	space	separate words; Korean spacing
0x00A02A48	6	그럼	유닛에	그럼‖w유닛에명령을내려보자	그럼␣w유닛에명령을내려보자	じゃあ、	ユニットに命令を与えてみましょう。	space	separate words; Korean spacing
0x00A02B08	0	선택한	종료는	선택한‖w종료는ww더할일이없다고、w	선택한␣w종료는ww더할일이없다고、w	今選んだ	「終了」	space	separate words; Korean spacing
0x00A02B08	4	고르면	아군	이걸고르면‖w아군행동이끝나고w	이걸고르면␣w아군행동이끝나고w	これを選ぶと、	自軍の全行動が終わり、	space	separate words; Korean spacing
0x00A02BD4	0	보병이야	전투력은	보병이야‖ww전투력은낮지만w	보병이야␣ww전투력은낮지만w	それは歩兵よ。	戦闘力は低いけれど、	space	separate words; Korean spacing
0x00A02C54	1	또는	본부	적전멸또는‖w본부점령이야	적전멸또는␣w본부점령이야	敵を全滅させるか、	本部を占領することだ！	space	separate words; Korean spacing
0x00A02C8C	1	뿐이야	물론	뿐이야‖ww물론w보병도포함돼	뿐이야␣ww물론w보병도포함돼	だけなの。	もちろん、	space	separate words; Korean spacing
0x00A02C8C	3	물론	보병도	뿐이야ww물론‖w보병도포함돼	뿐이야ww물론␣w보병도포함돼	もちろん、	歩兵もその中に入るわ。	space	separate words; Korean spacing
0x00A02D4C	1	점령은	적군	점령은‖w적군중립거점에서ww	점령은␣w적군중립거점에서ww	占領できるのは、	敵軍や中立の拠点だけよ。	space	separate words; Korean spacing
0x00A02D4C	4	있어	거기로	할수있어‖w거기로가면	할수있어␣w거기로가면	そこへ行ったら、	歩兵を上に移動させてみて。	space	separate words; Korean spacing
0x00A02D4C	6	점령	명령이	w점령‖w명령이나와	w점령␣w명령이나와	「占領」	というコマンドが出るはずよ！	space	separate words; Korean spacing
0x00A02DE8	0	그럼	다음은	그럼‖w다음은유닛을움직여보자	그럼␣w다음은유닛을움직여보자	さあ、	次はユニットを動かしましょう。	space	separate words; Korean spacing
0x00A02DE8	7	땐	대기를	할일없을땐‖w대기를w골라	할일없을땐␣w대기를w골라	何もすることがない時は	「待機」	space	separate words; Korean spacing
0x00A02DE8	8	대기를	골라	할일없을땐w대기를‖w골라	할일없을땐w대기를␣w골라	「待機」	を選んでね。	space	separate words; Korean spacing
0x00A02F00	1	보병을	탑승	그대신、w수송차는보병을‖w탑승w시켜나르고	그대신、w수송차는보병을␣w탑승w시켜나르고	輸送車は歩兵系を	搭載	space	separate words; Korean spacing
0x00A02F00	2	탑승	시켜	그대신、w수송차는보병을w탑승‖w시켜나르고	그대신、w수송차는보병을w탑승w시켜나르고	搭載	して運んだり	join	particle/ending attaches to the previous word
0x00A02F88	1	탑승	명령이	탑승‖w명령이나와	탑승␣w명령이나와	「搭載」	というコマンドが出るはずよ。	space	separate words; Korean spacing
0x00A02F88	2	유닛은	하차	탑승한유닛은‖w하차w명령으로	탑승한유닛은␣w하차w명령으로	搭載したユニットは、	「降車」	space	separate words; Korean spacing
0x00A02F88	3	하차	명령으로	탑승한유닛은w하차‖w명령으로	탑승한유닛은w하차␣w명령으로	「降車」	コマンドで	space	separate words; Korean spacing
0x00A02F88	4	운반하면	느린	이렇게운반하면‖w느린보병도	이렇게운반하면␣w느린보병도	こうして運んでいけば、	足のおそい歩兵を	space	separate words; Korean spacing
0x00A03064	0	그런가	보병은	그런가‖w보병은이동력３이지만w	그런가␣w보병은이동력３이지만w	そうか、	歩兵の移動力は３だけど、	space	separate words; Korean spacing
0x00A03064	2	되니까	좋아	수송차는６이나되니까‖w좋아！w해볼게！	수송차는６이나되니까␣w좋아！w해볼게！	輸送車は６もあるから・・・	よし！	space	separate words; Korean spacing
0x00A03064	3	！	해	수송차는６이나되니까w좋아！‖w해볼게！	수송차는６이나되니까w좋아！␣w해볼게！	よし！	やってみる！	space	after ！/？, next phrase
0x00A03154	0	마	빠질	바다엔내리지마‖w빠질수있어	바다엔내리지마␣w빠질수있어	歩兵を海に降ろしたら、	おぼれてしまうかも	space	separate words; Korean spacing
0x00A031CC	2	탄약	과	w탄약‖w과w연료w가줄어	w탄약w과w연료w가줄어	主砲の弾	や	join	particle/ending attaches to the previous word
0x00A031CC	3	과	연료	w탄약w과‖w연료w가줄어	w탄약w과␣w연료w가줄어	や	燃料	space	separate words; Korean spacing
0x00A031CC	4	연료	가	w탄약w과w연료‖w가줄어	w탄약w과w연료w가줄어	燃料	が減っていくの。	join	particle/ending attaches to the previous word
0x00A031CC	5	약해	연료	약해‖w연료없으면못움직여	약해␣w연료없으면못움직여	なるし、	燃料がなくなると動けなくなるわ。	space	separate words; Korean spacing
0x00A031CC	6	수송차는	보급	수송차는‖w보급w으로w주변에있는	수송차는␣w보급w으로w주변에있는	輸送車は	「補給」	space	separate words; Korean spacing
0x00A031CC	7	보급	으로	수송차는w보급‖w으로w주변에있는	수송차는w보급w으로w주변에있는	「補給」	で、	join	particle/ending attaches to the previous word
0x00A031CC	10	땐	보급	급할땐‖w보급w보급명령을쓰면좋아	급할땐␣w보급w보급명령을쓰면좋아	急ぐ時は	「補給」	space	separate words; Korean spacing
0x00A031CC	11	보급	보급	급할땐w보급‖w보급명령을쓰면좋아	급할땐w보급␣w보급명령을쓰면좋아	「補給」	コマンドを使うといいわ！	space	separate words (source repeats 보급: translation issue, not spacing)
0x00A0331C	2	유닛이네	알았다	도와주는유닛이네‖ww알았다！	도와주는유닛이네␣ww알았다！	助けるユニットなんだな。	わかったぞ！	space	separate words; Korean spacing
0x00A0336C	0	자	다음은	자‖w다음은유닛을움직여봅시다。	자␣w다음은유닛을움직여봅시다。	さあ、	次はユニットを動かしましょう。	space	separate words; Korean spacing
0x00A0336C	3	그건	이동	그건‖w이동가능범위야	그건␣w이동가능범위야	それが、	移動できるはんいよ。	space	separate words; Korean spacing
0x00A0336C	7	땐	대기	할게없을땐‖w대기w골라줘	할게없을땐␣w대기w골라줘	何もすることがない時は	「待機」	space	separate words; Korean spacing
0x00A0336C	8	대기	골라	할게없을땐w대기‖w골라줘	할게없을땐w대기␣w골라줘	「待機」	を選んでね。	space	separate words; Korean spacing
0x00A03434	2	각각	이동	유닛에는각각‖w이동타입w있어서、w	유닛에는각각␣w이동타입w있어서、w	ユニットにはそれぞれ	「移動タイプ」	space	separate words; Korean spacing
0x00A03434	3	타입	있어서	유닛에는각각w이동타입‖w있어서、w	유닛에는각각w이동타입␣w있어서、w	「移動タイプ」	があって、	space	separate words; Korean spacing
0x00A03434	6	전차형	이야	수송차이동타입은w전차형‖w이야。ww	수송차이동타입은w전차형w이야。ww	「戦車」	よ。	join	particle/ending attaches to the previous word
0x00A03434	10	확인은	유닛	이동타입확인은‖w유닛위에서	이동타입확인은␣w유닛위에서	移動タイプを知りたい時は、	ユニットの上で	space	separate words; Korean spacing
0x00A03434	11	키	눌러	정보키‖ww눌러봐	정보키␣ww눌러봐	Ｒを押してみて。	情報が表示されるわ。	space	separate words; Korean spacing
0x00A03600	1	종료	로	종료‖w로아군행동을끝내자	종료w로아군행동을끝내자	「終了」	で自軍の行動を終わらせましょう。	join	particle/ending attaches to the previous word
0x00A03600	3	있는	종료	맨아래에있는‖w종료w을고르면、w	맨아래에있는␣w종료w을고르면、w	その一番下にある	「終了」	space	separate words; Korean spacing
0x00A03600	4	종료	을	맨아래에있는w종료‖w을고르면、w	맨아래에있는w종료w을고르면、w	「終了」	を選べば、	join	object particle attaches (source has 을 for 를: translation issue, not spacing)
0x00A03734	0	저기	캐서린	저기‖w캐서린、w	저기␣w캐서린、w	なあ、	キャサリン、	space	separate words; Korean spacing
0x00A03768	0	그래	게다가	그래‖ww게다가、w헬보우즈뿐만아니라	그래␣ww게다가、w헬보우즈뿐만아니라	ええ。	しかも、	space	separate words; Korean spacing
0x00A03834	0	기세야	믿고	좋은기세야‖ww믿고있을게	좋은기세야␣ww믿고있을게	その意気よ！	頼りにしてるわ。	space	separate words; Korean spacing
0x00A03854	2	직접공격	하는	직접공격‖w하는유닛이야。	직접공격w하는유닛이야。	直接攻撃	するユニットなの。	join	noun+하다 verb 직접공격하는
0x00A03900	0	！	말이	그래！‖ww말이빠르네。	그래！␣ww말이빠르네。	そう！	話が早いわ。	space	after ！/？, next phrase
0x00A03B90	3	상태창	이라고	이건w상태창‖w이라고해	이건w상태창w이라고해	「カーソルウィンドウ」	と言うの。	join	particle/ending attaches to the previous word
0x00A03C9C	0	보병이	점령	네보병이‖w점령시작했어ww	네보병이␣w점령시작했어ww	あなたの歩兵部隊が、	占領を始めたわ。	space	separate words; Korean spacing
0x00A03CEC	0	숫자는	거점	깜빡이는숫자는‖w거점내구력이야ww	깜빡이는숫자는␣w거점내구력이야ww	その中で点滅している数字は、	拠点の耐久力よ。	space	separate words; Korean spacing
0x00A03CEC	3	줄면	거점이	이게다줄면‖w거점이아군소유야	이게다줄면␣w거점이아군소유야	これが０になれば、	拠点は自軍のものになるわ。	space	separate words; Korean spacing
0x00A03CEC	4	보병은	한	체력１０보병은‖w한번에내구력을	체력１０보병은␣w한번에내구력을	ＨＰ１０の歩兵は、	１回の占領で耐久力を	space	separate words; Korean spacing
0x00A03CEC	5	보병은	이틀이면	다치지않은보병은‖w이틀이면	다치지않은보병은␣w이틀이면	傷ついていない歩兵なら、	２日で占領して	space	separate words; Korean spacing
0x00A03CEC	6	돌아가니까	조심해	내구력이원래대로돌아가니까‖w조심해	내구력이원래대로돌아가니까␣w조심해	耐久力が元に戻ってしまうから、	気をつけて！	space	separate words; Korean spacing
0x00A03E24	1	보병은	꼭	점령중보병은‖w꼭지킬거야	점령중보병은␣w꼭지킬거야	占領中の歩兵は、	しっかり守るぞ！	space	separate words; Korean spacing
0x00A03E54	0	때까지	매일	점령끝날때까지‖w매일w점령w을	점령끝날때까지␣w매일w점령w을	占領し終わるまでは、	毎日	space	separate words; Korean spacing
0x00A03E54	1	매일	점령	점령끝날때까지w매일‖w점령w을	점령끝날때까지w매일␣w점령w을	毎日	「占領」	space	separate words; Korean spacing
0x00A03E54	2	점령	을	점령끝날때까지w매일w점령‖w을	점령끝날때까지w매일w점령w을	「占領」	を	join	particle/ending attaches to the previous word
0x00A03EC8	0	！	잘해	료！‖w잘해줬어ww	료！␣w잘해줬어ww	リョウ！	よくやってくれたわね。	space	after ！/？, next phrase
0x00A03EC8	3	이제	이	이제‖w이땅은해방됐어	이제␣w이땅은해방됐어	これで	この土地は解放できたわ！	space	이 = demonstrative (이 땅은), after adverb 이제
0x00A03F40	2	이제부터	싫어도	그럭저럭。ww이제부터‖w싫어도	그럭저럭。ww이제부터␣w싫어도	これから	イヤでも	space	separate words; Korean spacing
0x00A03FB8	0	！	뭐	료！‖w뭐하는거야！ww	료！␣w뭐하는거야！ww	リョウ！	　なにをしているの！	space	after ！/？, next phrase
0x00A03FFC	2	여러	한	여러‖w한번시험해보려고・・・	여러␣w한번시험해보려고・・・	色々、	試してみようかと・・・	space	separate words; Korean spacing
0x00A04028	0	거짓말	뭔가	거짓말‖ww뭔가흠집을찾고있었지！ww	거짓말␣ww뭔가흠집을찾고있었지！ww	うそね。	なにかアラさがしをしてたでしょ！	space	separate words; Korean spacing
0x00A04028	4	건	시간도	그런건‖w시간도물자도낭비야。	그런건␣w시간도물자도낭비야。	そういう事は	時間も物資もムダだからやめて。	space	separate words; Korean spacing
0x00A04028	8	더	처음부터	한번더‖w처음부터다시해	한번더␣w처음부터다시해	もう一度、	最初からやり直せるわ。	space	separate words; Korean spacing
0x00A0413C	6	뒤	이쪽에서	적이가까이온뒤‖w이쪽에서공격・・・	적이가까이온뒤␣w이쪽에서공격・・・	敵に近よらせてから、	こちらから攻撃・・・	space	separate words; Korean spacing
0x00A04334	0	맞아	국토	맞아‖w국토깊숙이들어오면	맞아␣w국토깊숙이들어오면	そうね、	国土に深く入りこまれては	space	separate words; Korean spacing
0x00A044F4	0	？	적	뭐？‖w적도시인가ww	뭐？␣w적도시인가ww	なに・・・	敵の都市か。	space	after ！/？, next phrase
0x00A04AD0	2	그건	앞으로의	그건‖w앞으로의과제입니다。	그건␣w앞으로의과제입니다。	それが、	これからの課題です。	space	separate words; Korean spacing
0x00A04BF8	0	！	믿고	그거야！‖w믿고있을게。w	그거야！␣w믿고있을게。w	その意気よ！	頼りにしてるわ。	space	after ！/？, next phrase
0x00A04BF8	3	지금	네가	지금‖w네가점령시작한	지금␣w네가점령시작한	今、	あなたが占領を始めた	space	separate words; Korean spacing
0x00A04C64	2	한다	그게	한다‖ww그게뭔지알아？	한다␣ww그게뭔지알아？	するわ。	それが何かわかる？	space	separate words; Korean spacing
0x00A04D3C	0	！	역시	맞아！‖w역시도미노네！	맞아！␣w역시도미노네！	そうよ！	さすがはドミノね！	space	after ！/？, next phrase
0x00A04D3C	2	시작	에	매일시작‖w에돈을받아。	매일시작w에돈을받아。	毎日の始め	にお金がもらえるわ。	join	particle/ending attaches to the previous word
0x00A04D3C	3	있으면	그	생산거점이있으면‖w그돈으로	생산거점이있으면␣w그돈으로	生産できる拠点があれば、	そのお金で	space	separate words; Korean spacing
0x00A04D3C	7	늘면	손해는	근데、w도시가늘면‖w손해는없으니까w	근데、w도시가늘면␣w손해는없으니까w	自軍都市がふえて、	損な事は無いから、	space	separate words; Korean spacing
0x00A04FB4	0	！	그러면	그래！‖w그러면、w분명든든한	그래！␣w그러면、w분명든든한	そうね！	そうすれば、	space	after ！/？, next phrase
0x00A04FB4	4	공격	을	과는달리w이동후공격‖w을할수없어。	과는달리w이동후공격w을할수없어。	移動後の攻撃	ができないの。	join	particle/ending attaches to the previous word
0x00A050B4	7	칸	이야	자주포사거리는w２에서３w칸‖ww이야w	자주포사거리는w２에서３w칸ww이야w	よ。	これは、	join	particle/ending attaches to the previous word
0x00A05388	4	위에	서	손상된유닛을w아군도시나본부위에‖w서	손상된유닛을w아군도시나본부위에w서	自軍都市か本部の上	で	join	particle/ending attaches to the previous word
0x00A05388	5	회복	동시에	다음날시작에체력２회복‖w동시에	다음날시작에체력２회복␣w동시에	次の日の始めにＨＰは２回復するし、	同時に	space	separate words; Korean spacing
0x00A05558	3	점령	을	이어서w점령‖w을실행해봐。	이어서w점령w을실행해봐。	「占領」	を実行してね。	join	particle/ending attaches to the previous word
0x00A05610	5	회복하면	유닛의	거점에서체력회복하면‖w유닛의	거점에서체력회복하면␣w유닛의	拠点でＨＰの回復をすると、	ユニットの	space	separate words; Korean spacing
0x00A05768	2	！	무슨	너희들、w끈질기네！‖w무슨목적으로・・・！	너희들、w끈질기네！␣w무슨목적으로・・・！	しつこいわよ！	何の目的で・・・！	space	after ！/？, next phrase
0x00A059E8	2	！	힘내	분명이길수있어！‖w힘내！	분명이길수있어！␣w힘내！	まちがいなく勝てるわ！	がんばってね！	space	after ！/？, next phrase
0x00A05D54	0	미안	미안해	미안‖w미안해。ww	미안␣w미안해。ww	す、	すまねえ。	space	separate words; Korean spacing
0x00A060BC	0	！	간접	그래！‖w간접공격따위w없어도	그래！␣w간접공격따위w없어도	おうよ！	　間接なんか、	space	after ！/？, next phrase
0x00A061AC	1	바주카병	을	보병과w바주카병‖w을탑재해서、	보병과w바주카병w을탑재해서、	バズーカ兵	を搭載して、	join	particle/ending attaches to the previous word
0x00A06998	1	합류	을	메뉴에서w합류‖w을골라줘。	메뉴에서w합류w을골라줘。	「合流」	を選んでね。	join	particle/ending attaches to the previous word
0x00A06BFC	1	잠깐	이	뭐、w잠깐‖w이자식！w	뭐、w잠깐␣w이자식！w	まて、	このやろう！	space	이 = demonstrative (이 자식), after interjection 잠깐
0x00A06BFC	4	젠장	놓쳤나	・・・w젠장‖w놓쳤나。	・・・w젠장␣w놓쳤나。	ちっ、	逃がしたか。	space	separate words; Korean spacing
0x00A06C78	1	뒤에는	포인트와	작전성공뒤에는‖w포인트와랭크가	작전성공뒤에는␣w포인트와랭크가	作戦成功させた後に、	ポイントとランクが	space	separate words; Korean spacing
0x00A06C78	2	포인트는	하치	그포인트는‖w하치상점에서	그포인트는␣w하치상점에서	あのポイントは、	そのままハチさんのショップで	space	separate words; Korean spacing
0x00A06D98	1	먼저	스피드	먼저‖w스피드w는	먼저␣w스피드w는	まず	「スピード」	space	separate words; Korean spacing
0x00A06D98	2	스피드	는	먼저w스피드‖w는	먼저w스피드w는	「スピード」	は、	join	particle/ending attaches to the previous word
0x00A06D98	3	파워	는	파워‖w는w	파워w는w	「パワー」	は、	join	particle/ending attaches to the previous word
0x00A06D98	5	테크닉	는	테크닉‖w는	테크닉w는	「テクニック」	は、	join	particle/ending attaches to the previous word
0x00A06D98	6	을	각각	을‖w각각체크해。	을␣w각각체크해。	を、	それぞれチェックしているの。	space	separate words; Korean spacing
0x00A06D98	10	보다가	무리하면	점수만보다가‖w무리하면안돼。	점수만보다가␣w무리하면안돼。	点数を気にして、	無理をしちゃダメよ。	space	separate words; Korean spacing
0x00A06EF0	1	없어도	난	아아、w포인트가없어도‖w난전력으로！w	아아、w포인트가없어도␣w난전력으로！w	だがポイントが無くても、	オレは全開だ！	space	separate words; Korean spacing
0x00A06F38	0	！	져	젠장！‖w져버렸나・・・w	젠장！␣w져버렸나・・・w	くそっ！	負けてしまったか・・・	space	after ！/？, next phrase
0x00A06F74	3	다음엔	같은	다음엔‖w같은잘못을되풀이하지않으면돼。	다음엔w같은잘못을되풀이하지않으면돼。	次に、	同じ過ちをくり返さなければいいのよ。	defer	space needed (다음엔 같은) but the row is already 44 half-cells; needs relayout
0x00A07194	1	！	캐서린	담엔안져！‖w캐서린、w지켜봐줘！	담엔안져！␣w캐서린、w지켜봐줘！	次は負けん！	キャサリン、	space	after ！/？, next phrase
0x00A0768C	1	확인해	야	공격범위는Ｂ로확인해‖w야。	공격범위는Ｂ로확인해w야。	攻撃範囲が知りたい時はＢを押す、	だ。	join	particle/ending attaches to the previous word
0x00A076C4	0	！	좀	그래！‖w좀걱정했었지만、w	그래！␣w좀걱정했었지만、w	そうね！	ちょっと心配だったけど、	space	after ！/？, next phrase
0x00A0770C	0	！	확실히	닥쳐！‖w확실히	닥쳐！␣w확실히	ぬかせ！	きっちり	space	after ！/？, next phrase
0x00A0770C	1	자	가볍게	자‖w가볍게돌파한다！w	자␣w가볍게돌파한다！w	さあ、	軽く突破するぜ！	space	separate words; Korean spacing
0x00A079C4	0	오	괜찮다	오‖w괜찮다！	오␣w괜찮다！	おう！	大丈夫だぜ！	space	separate words; Korean spacing
0x00A07E84	0	？	응	응？‖w응？w・・・뭐야이건？	응？␣w응？w・・・뭐야이건？	ん？	・・・	space	after ！/？, next phrase
0x00A0815C	0	？	아직	응！？‖w아직、w여유가있어	응！？␣w아직、w여유가있어	ん！？	まだ、	space	after ！/？, next phrase
0x00A08388	0	！	맥스	고마워！‖w맥스！w	고마워！␣w맥스！w	ありがとう！	マックス！	space	after ！/？, next phrase
0x00A085DC	0	！	맥스	도미노！‖w맥스！w	도미노！␣w맥스！w	ドミノ！	マックス！	space	after ！/？, next phrase
0x00A0897C	5	육상부대는	다가올	위쪽육상부대는‖w다가올때까지	위쪽육상부대는␣w다가올때까지	上の陸上部隊は、	近づいてくるまで	space	separate words; Korean spacing
0x00A08C6C	1	！	정답	안해요！‖w정답！	안해요！␣w정답！	しませーん！	正解！	space	after ！/？, next phrase
0x00A08CF4	2	아주	머니	아주‖w머니ww야！	아주w머니ww야！	オ・	バ・	join	wordplay 아주w머니ww야 = 아주머니야 spelled with pauses (JP オ・バ・)
0x00A08EB8	0	！	적	네！‖w적본부점령노린다면	네！␣w적본부점령노린다면	はい！	　敵本部占領をねらうなら	space	after ！/？, next phrase
0x00A09034	4	라고	꽤	공격범위w３ー５w라고‖w꽤넓어。	공격범위w３ー５w라고␣w꽤넓어。	と、	かなり広いわ。	space	separate words; Korean spacing
0x00A09188	0	나가면	호위함	바다에나가면‖w호위함・・・	바다에나가면␣w호위함・・・	かといって海に出れば、	護衛艦・・・	space	separate words; Korean spacing
0x00A09334	0	공격	간접공격	육지와바다도공격‖w간접공격유닛중	육지와바다도공격␣w간접공격유닛중	陸と海に攻撃できる上、	間接攻撃ユニットの中で	space	separate words; Korean spacing
0x00A09508	10	항구	는	항구‖w는없으니、w수송차로보급해줘。	항구w는없으니、w수송차로보급해줘。	港・・・	は無いから、	join	particle/ending attaches to the previous word
0x00A09BD4	7	지도는	어떻게든	이지도는‖w어떻게든	이지도는␣w어떻게든	このマップは、	なんとしてでも	space	separate words; Korean spacing
0x00A09EC0	1	지금	찬	지금‖w찬만큼은、w평범한브레이크야。	지금␣w찬만큼은、w평범한브레이크야。	今、	たまった分は、	space	separate words; Korean spacing
0x00A0A064	1	！	당신의	축하해！‖w당신의승리야。	축하해！␣w당신의승리야。	おめでとう！	あなたの勝ちね。	space	after ！/？, next phrase
0x00A0A0B8	0	자	기운	자‖w기운넘치는캣에게	자␣w기운넘치는캣에게	さあ、	元気なキャットちゃんに	space	separate words; Korean spacing
0x00A0A0B8	2	！	끌어내	도미노！‖w끌어내줘。	도미노！␣w끌어내줘。	ドミノ！	引きずり出してあげて。	space	after ！/？, next phrase
0x00A0A124	1	는	네	아、w는‖w네！	아、w는␣w네！	は、	はい！	space	separate words; Korean spacing
0x00A0A77C	2	어이	료	어이‖w료	어이␣w료	おい、	リョウ	space	separate words; Korean spacing
0x00A0A7D4	0	봐	맥스	두고봐‖w맥스。ww간다！	두고봐␣w맥스。ww간다！	見てろ、	マックス。	space	separate words; Korean spacing
0x00A0A9AC	0	？	이	응？‖w이지도는	응？␣w이지도는	ん？	　このマップは	space	after 응？; 이 = demonstrative (이 지도는)
0x00A0ABF4	0	！	도시	그렇구나！‖w도시공장점령할때마다	그렇구나！␣w도시공장점령할때마다	なるほど！	都市や工場を占領するたびに	space	after ！/？, next phrase
0x00A0AF40	0	！	맥스	좋아！‖w맥스、두고봐！	좋아！␣w맥스、두고봐！	よし！	マックスみてろ！	space	after ！/？, next phrase
0x00A0B124	3	싸워	편리한	그럭저럭싸워‖w편리한유닛이야！	그럭저럭싸워␣w편리한유닛이야！	そこそこ戦えるから、	便利なユニットよ！	space	separate words; Korean spacing
0x00A0B1D0	0	지금	생산한	지금‖w생산한건	지금␣w생산한건	今、	生産したのは	space	separate words; Korean spacing
0x00A0B34C	0	지금	생산한	지금‖w생산한건대공미사일이야ww	지금␣w생산한건대공미사일이야ww	今、	生産したのは対空ミサイルよ。	space	separate words; Korean spacing
0x00A0B3D0	0	지금	생산한	지금‖w생산한건	지금␣w생산한건	今、	生産したのは	space	separate words; Korean spacing
0x00A0B518	0	？	쓸	어떠냐？‖w쓸수있겠나？	어떠냐？␣w쓸수있겠나？	どうだ？	　使えるか？	space	after ！/？, next phrase
0x00A0B584	1	그런가	뭐	음・・・w그런가‖w뭐됐어	음・・・w그런가␣w뭐됐어	そうか、	まあいい	space	separate words; Korean spacing
0x00A0B5B8	1	！	꺄핫	내일이기대돼！‖w꺄핫！	내일이기대돼！␣w꺄핫！	明日が楽しみね！	キャハッ！	space	after ！/？, next phrase
0x00A0B5F4	2	캐논	라는	저건w블랙캐논‖w라는	저건w블랙캐논w라는	「ブラックキャノン」	とかいう	join	particle/ending attaches to the previous word
0x00A0B5F4	6	지금	시제품	근데、w아직지금‖w시제품같아서、w	근데、w아직지금␣w시제품같아서、w	まだ今は、	試作品らしくて、	space	separate words; Korean spacing
0x00A0B5F4	9	번	밖에	w２일에１번‖w밖에공격못하나봐。	w２일에１번w밖에공격못하나봐。	２日に１回	しか攻撃できないみたい。	join	particle/ending attaches to the previous word
0x00A0B5F4	10	안에	강한	범위안에‖w강한유닛１부대를	범위안에␣w강한유닛１부대를	範囲内にいる、	強いユニット１部隊を	space	separate words; Korean spacing
0x00A0B780	2	！	꺄하하	공격개시！‖w꺄하하！	공격개시！␣w꺄하하！	攻撃開始！	　キャハハ！	space	after ！/？, next phrase
0x00A0B7F8	0	？	아직	뭐！？‖w아직、w여유가있다	뭐！？␣w아직、w여유가있다	え！？	　まだ、	space	after ！/？, next phrase
0x00A0B82C	1	지금	모인	지금‖w모인분은、보통브레이크야。	지금␣w모인분은、보통브레이크야。	今、	たまった分は、普通のブレイクよ。	space	separate words; Korean spacing
0x00A0B994	0	오오	내	오오‖w내실력의	오오␣w내실력의	おお！	　ぼくのウデの	space	separate words; Korean spacing
0x00A0B9BC	1	！	정신	전군！‖w정신바짝차려！	전군！␣w정신바짝차려！	全軍！	気ィひきしめていけ！	space	after ！/？, next phrase
0x00A0BA38	0	！	간다	오오옷！‖w간다！w	오오옷！␣w간다！w	オオオッ！	　いくぞ！	space	after ！/？, next phrase
0x00A0BA88	0	！	과연	해냈다！‖w과연캐서린이야！	해냈다！␣w과연캐서린이야！	やった！	　さすがはキャサリン！	space	after ！/？, next phrase
0x00A0BBA4	0	！	맡겨둬	오우！‖w맡겨둬！	오우！␣w맡겨둬！	おう！	　まかしとけ！	space	after ！/？, next phrase
0x00A0BCE8	0	！	어떠냐	맥스！‖w어떠냐！w	맥스！␣w어떠냐！w	マックス！	どうだ！	space	after ！/？, next phrase
0x00A0BD88	0	？	아아	응？‖w아아、w이건・・・	응？␣w아아、w이건・・・	ん？	　ああ、	space	after ！/？, next phrase
0x00A0BF10	4	않아	이번	포격이닿지않아‖w이번전투로알았어。	포격이닿지않아␣w이번전투로알았어。	砲撃が届かない事は、	この戦いでわかったわ。	space	separate words; Korean spacing
0x00A0BF10	8	맥스에게	본때를	맥스에게‖w본때를보이려면	맥스에게␣w본때를보이려면	マックスを、	見かえすためにも	space	separate words; Korean spacing
0x00A0C12C	0	！	진격	캐서린！‖w진격준비완료다！	캐서린！␣w진격준비완료다！	キャサリン！	　進撃準備できたぞ！	space	after ！/？, next phrase
0x00A0C410	0	어이	그	어이‖w그데이터지울때까지	어이␣w그데이터지울때까지	おい、	例のデータを消去するまで	space	separate words; Korean spacing
0x00A0C4A8	1	시야	가	유닛에는각각w시야‖w가있어서	유닛에는각각w시야w가있어서	視界	があって	join	particle/ending attaches to the previous word
0x00A0C5FC	0	！	정찰차는	그래！‖w정찰차는시야가５나돼。ww	그래！␣w정찰차는시야가５나돼。ww	そう！	偵察車は視界が５もあるの。	space	after ！/？, next phrase
0x00A0C7B4	3	조우	요	되지않는게、w조우‖w요。	되지않는게、w조우w요。	「そうぐう」	よ。	join	particle/ending attaches to the previous word
0x00A0CA9C	1	！	조심해서	알았어！‖w조심해서진군한다！	알았어！␣w조심해서진군한다！	わかった！	　気をつけて進軍する！	space	after ！/？, next phrase
0x00A0CA9C	2	！	고마워	도미노！‖w고마워！	도미노！␣w고마워！	ドミノ！	ありがとう！	space	after ！/？, next phrase
0x00A0CC58	2	암초	야	그건、w이w암초‖w야。	그건、w이w암초w야。	岩礁	よ。	join	particle/ending attaches to the previous word
0x00A0D0B4	0	！	바비큐	신난다！‖w바비큐하자！	신난다！␣w바비큐하자！	やった！	　バーベキューしよう！	space	after ！/？, next phrase
0x00A0D0FC	0	지도는	놔둬도	이지도는‖w놔둬도	이지도는␣w놔둬도	このマップは、	ほうっておいても	space	separate words; Korean spacing
0x00A0D0FC	4	올리거나	정찰차를	보병을산에올리거나‖w정찰차를전선에보내w	보병을산에올리거나w정찰차를전선에보내w	歩兵を山に登らせたり、	偵察車を前線に出して、	defer	space needed (올리거나 정찰차를) but the row is already 44 half-cells; needs relayout
0x00A0D0FC	6	공격	라는	적위치확인후공격‖w라는것이	적위치확인후공격w라는것이	敵の位置を確認してから攻撃、	というのが	join	particle/ending attaches to the previous word
0x00A0D894	0	！	모두가	괜찮아！‖w모두가있으면	괜찮아！␣w모두가있으면	大丈夫！	　みんながいれば	space	after ！/？, next phrase
0x00A0D9B0	0	？	그럼	뭐라고！？‖w그럼、w	뭐라고！？␣w그럼、w	なんだって！？	　じゃあ、	space	after ！/？, next phrase
0x00A135C8	0	바보놈	예전	바보놈‖w예전놈들에게	바보놈␣w예전놈들에게	バカモノ！	　以前やつらに	space	separate words; Korean spacing
0x00A1369C	0	줄어들어	바보놈	줄어들어‖w바보놈	줄어들어␣w바보놈	へるわ、	バカモノ！	space	separate words; Korean spacing
0x00A137BC	0	는	네	는‖w네！	는␣w네！	は、	はい！	space	separate words; Korean spacing
0x00A13820	0	는	네	는‖w네！ww	는␣w네！ww	は、	はい！	space	separate words; Korean spacing
0x00A13BA0	1	모두	놀라게	모두‖w놀라게될것이다。	모두␣w놀라게될것이다。	みな、	おどろくことじゃろう。	space	separate words; Korean spacing
0x00A13D14	3	네놈이	이런	네놈이‖w이런짓을・・・	네놈이␣w이런짓을・・・	貴様が、	こんなマネを・・・	space	separate words; Korean spacing
0x00A13D44	0	？	뭐가	어？‖w뭐가？ww	어？␣w뭐가？ww	へ？	　なにが？	space	after ！/？, next phrase
0x00A13D44	3	여기	여긴	여기‖w여긴내놀이터야。	여기␣w여긴내놀이터야。	ここ、	あたしのあそび場だよ。	space	separate words; Korean spacing
0x00A13DA4	5	？	캬하하	찾을수있을까〜？‖w캬하하・・・	찾을수있을까〜？␣w캬하하・・・	見つけられるかな〜？	キャハハ・・・	space	after ！/？, next phrase
0x00A13EC8	2	뭐냐	이건	뭐냐‖w이건？	뭐냐␣w이건？	何じゃ、	これは？	space	separate words; Korean spacing
0x00A13F9C	0	！	마음에	흥！‖w마음에안드는군ww	흥！␣w마음에안드는군ww	ふん！	　気にくわん話じゃな。	space	after ！/？, next phrase
0x00A14304	0	！	네놈	시끄러워！‖w네놈도움은필요없다ww	시끄러워！␣w네놈도움은필요없다ww	うるさい！	貴様の助けなどいらぬわ。	space	after ！/？, next phrase
0x00A1438C	4	테니	조심하십시오	아픈꼴을볼테니‖w조심하십시오。	아픈꼴을볼테니␣w조심하십시오。	いたい目にあうんで、	気をつけてくださいよ。	space	separate words; Korean spacing
0x00A144A4	0	！	네놈	시끄러워！‖w네놈도움은필요없다ww	시끄러워！␣w네놈도움은필요없다ww	うるさい！	貴様の助けなどいらぬわ。	space	after ！/？, next phrase
0x00A146C0	3	갑자기	진지한	갑자기‖w진지한표정이군	갑자기␣w진지한표정이군	急に、	まじめな表情をしおって	space	separate words; Korean spacing
0x00A149E4	0	어차피	블루문	어차피‖w블루문따위w	어차피␣w블루문따위w	どの道、	ブルームーンなど	space	separate words; Korean spacing
0x00A14A48	3	영토니	아무래도	나라니영토니‖w아무래도상관없어。	나라니영토니␣w아무래도상관없어。	国だの領地だのは、	どうだっていいんだ。	space	separate words; Korean spacing
0x00A14B60	0	멸한	뭐라고	마을을멸한‖w뭐라고ww	마을을멸한␣w뭐라고ww	町を滅ぼした、	だと？	space	separate words; Korean spacing
0x00A14B60	3	당신	아까	당신‖w아까그렇게말했지。	당신␣w아까그렇게말했지。	あんた、	さっきそう言ったな。	space	separate words; Korean spacing
0x00A14B60	7	넌	내	넌‖w내적이다。	넌␣w내적이다。	お前は、	おれの敵だ。	space	separate words; Korean spacing
0x00A14DB0	0	바보놈	이상한	바보놈‖w이상한데서	바보놈␣w이상한데서	バカモノ！	　変なところで	space	separate words; Korean spacing
0x00A15014	0	？	저	에・・・에！？‖w저、ww	에・・・에！？␣w저、ww	え・・・	え！？	space	after ！/？, next phrase
0x00A150D0	2	！	저놈이	바주카병！‖w저놈이중전차대에정신팔려	바주카병！␣w저놈이중전차대에정신팔려	バズーカ兵！	あいつが重戦車隊に気を取られて	space	after ！/？, next phrase
0x00A15240	0	！	우리	뭐라고！‖ww우리북방에w	뭐라고！␣ww우리북방에w	なんじゃと！	　わが国の北方に	space	after ！/？, next phrase
0x00A1534C	0	으음	어쩌면	으음‖w어쩌면좋을까。	으음␣w어쩌면좋을까。	うーむ、	どうしたものか。	space	separate words; Korean spacing
0x00A15604	1	봐	꼬마야	어디한번힘내봐‖w꼬마야。	어디한번힘내봐␣w꼬마야。	せいぜいガンバんな、	ぼうや。	space	separate words; Korean spacing
0x00A1563C	1	서	하지만	어、w서‖w하지만、w	어、w서␣w하지만、w	で、	ですが、	space	separate words; Korean spacing
0x00A15670	4	좋지만	적당히	의욕은좋지만‖w적당히해。	의욕은좋지만␣w적당히해。	気負うのは悪くないが、	ほどほどにな。	space	separate words; Korean spacing
0x00A156F4	0	는	넵	는‖w넵！ww	는␣w넵！ww	は、	はいっ！	space	separate words; Korean spacing
0x00A157BC	0	！	그	에ー！‖w그、꼬맹이？ww	에ー！␣w그、꼬맹이？ww	えーっ！	　あの、子どもぉ？	space	after ！/？, next phrase
0x00A15D78	1	그런가	레이저	그런가‖w레이저사거리엔	그런가␣w레이저사거리엔	そうか、	レーザーの射程上に	space	separate words; Korean spacing
0x00A15D78	2	위해서라도	힘내야	두분위해서라도‖w힘내야해！	두분위해서라도␣w힘내야해！	お２人のためにも、	がんばらないと！	space	separate words; Korean spacing
0x00A15F68	1	무섭게	이거다	・・・w말하기무섭게‖w이거다。ww	・・・w말하기무섭게␣w이거다。ww	言ってるそばから、	これだ。	space	separate words; Korean spacing
0x00A1604C	0	흠	네놈은	흠‖w네놈은레드스타군의	흠␣w네놈은레드스타군의	むっ、	貴様はレッドスター軍の	space	separate words; Korean spacing
0x00A160CC	3	않아도	아군은	타국힘빌리지않아도‖w아군은・・・	타국힘빌리지않아도␣w아군은・・・	他国の力など、かりずとも、	わが軍は・・・	space	separate words; Korean spacing
0x00A16114	1	방에	블루문의	한방에‖w블루문의	한방에␣w블루문의	一発で、	ブルームーンの	space	separate words; Korean spacing
0x00A1639C	2	으으윽	파이프가	으으윽‖w파이프가막아서	으으윽␣w파이프가막아서	うぬぬ、	パイプがジャマで	space	separate words; Korean spacing
0x00A1654C	0	！	다들	우리차례다！‖w다들가자！	우리차례다！␣w다들가자！	ぼくらの番だ！	みんな行くぞ！	space	after ！/？, next phrase
0x00A16980	0	！	다음엔	응！‖w다음엔꼭활약해보이겠어！w	응！␣w다음엔꼭활약해보이겠어！w	うん！	次こそはかつやくしてみせるぞ！	space	after ！/？, next phrase
0x00A16B84	1	！	나도	・・・좋ー아、w힘내자！‖w나도、	・・・좋ー아、w힘내자！␣w나도、	よーし、	がんばるぞ！	space	after ！/？, next phrase
0x00A16BEC	0	는	네	는‖w네？	는␣w네？	は、	はい？	space	separate words; Korean spacing
0x00A16C2C	0	？	가	엣！？‖ww가、w갑자기？	엣！？␣ww가、w갑자기？	えっ！？	　い、	space	after ！？; 가 starts a stammered word (가、갑자기)
0x00A16D54	2	미안	곧	미안‖w곧원군온다	미안␣w곧원군온다	す、	すぐに援軍が来る！	space	separate words; Korean spacing
0x00A171DC	0	자	전원	자‖w전원、w	자␣w전원、w	さあ、	総員、	space	separate words; Korean spacing
0x00A176CC	0	！	기대되네	헤에！‖ww기대되네ー！	헤에！␣ww기대되네ー！	へえ！	　楽しみー！	space	after ！/？, next phrase
0x00A178D4	0	자알	기억해	자알‖w기억해두겠어。	자알␣w기억해두겠어。	よーく、	おぼえとくわ。	space	separate words; Korean spacing
0x00A178D4	1	다음은	이렇게는	다음은‖w이렇게는안되지！ww	다음은␣w이렇게는안되지！ww	次は、	こうはいかないよ！	space	separate words; Korean spacing
0x00A17B00	0	씨	저기	빌리씨‖w저기・・・w타이어타입이면	빌리씨␣w저기・・・w타이어타입이면	ビリーさん、	あの・・・	space	separate words; Korean spacing
0x00A17BD0	0	아니	이반	아니‖w이반。ww고마워。ww	아니␣w이반。ww고마워。ww	いいや、	イワン。	space	separate words; Korean spacing
0x00A17F00	0	종료시	토모니	오늘종료시‖w토모니	오늘종료시␣w토모니	本日終了ト、	トモニ	space	separate words; Korean spacing
0x00A181D4	2	서	괜찮겠지	서‖w괜찮겠지？w	서␣w괜찮겠지？w	で、	いいんでしょ？	space	separate words; Korean spacing
0x00A18280	0	？	어느새	어라？‖ww어느새w	어라？␣ww어느새w	あら？	　いつのまにか	space	after ！/？, next phrase
0x00A18398	0	！	내가	캬하！‖w내가발명한캣플레이트는	캬하！␣w내가발명한캣플레이트는	キャハ！	あたしの発明したキャットプレートは	space	after ！/？, next phrase
0x00A18504	2	？	빌리	준비는끝났느냐！？‖w빌리！	준비는끝났느냐！？␣w빌리！	準備は整ったのか！？	　ビリー！	space	after ！/？, next phrase
0x00A18634	0	！	네놈이라는	빌리！‖ww네놈이라는자는・・・w	빌리！␣ww네놈이라는자는・・・w	ビリー！	　貴様というやつは・・・	space	after ！/？, next phrase
0x00A18728	4	오히려	이쪽에서	오히려‖w이쪽에서도움을청한다。	오히려␣w이쪽에서도움을청한다。	むしろ、	こちらから助力をねがいたい。	space	separate words; Korean spacing
0x00A18898	0	！	타국에	좋아！‖w타국에뒤처지지않게、w	좋아！␣w타국에뒤처지지않게、w	よし！	　他国におくれをとらぬよう、	space	after ！/？, next phrase
0x00A18958	0	？	아아	응？‖ww아아、w	응？␣ww아아、w	ん？	　ああ、	space	after ！/？, next phrase
0x00A18958	3	그러면	출격할	그러면‖w출격할가능성이줄잖아？	그러면␣w출격할가능성이줄잖아？	そうすりゃ、	出撃する可能性がへるだろ？	space	separate words; Korean spacing
0x00A18994	0	응	그런	응‖w그런이유로！？ww	응␣w그런이유로！？ww	ええ！　	そんな理由！？	space	separate words; Korean spacing
0x00A18C18	0	지도는	공항이	이지도는‖w공항이핵심이네・・・ww	이지도는␣w공항이핵심이네・・・ww	このマップは、	空港がポイントね・・・	space	separate words; Korean spacing
0x00A18D38	0	！	캣	아！‖w캣님！ww	아！␣w캣님！ww	あ！	　キャット様！	space	after ！/？, next phrase
0x00A18D60	0	！	캣	아！‖w캣님！ww	아！␣w캣님！ww	勝った！	　わが軍の勝利じゃ！	space	after ！/？, next phrase
0x00A18E30	1	님은	훌륭한	호이프님은‖w훌륭한사령관입니다！	호이프님은␣w훌륭한사령관입니다！	ホイップ様は、	すばらしいショーグンです！	space	separate words; Korean spacing
0x00A18F50	0	어이	이반	어이‖w이반도망간다。w	어이␣w이반도망간다。w	おい、	イワン逃げるぜ。	space	separate words; Korean spacing
0x00A190F0	1	씨	기다려	앗、w빌리씨‖w기다려주세요！	앗、w빌리씨␣w기다려주세요！	ビリーさん、	待ってください！	space	separate words; Korean spacing
0x00A193D0	2	！	게이트를	그래！‖w게이트를막아버린다는것은	그래！␣w게이트를막아버린다는것은	そうじゃ！	ゲートを塞いでしまうというのは	space	after ！/？, next phrase
0x00A194EC	0	우군에게는	곧장	외부우군에게는‖w곧장왼쪽의	외부우군에게는␣w곧장왼쪽의	よそからの友軍には、	まっすぐ左の	space	separate words; Korean spacing
0x00A194EC	1	그러면	잘	그러면‖w잘되면	그러면␣w잘되면	そうすりゃ、	うまくいけば	space	separate words; Korean spacing
0x00A1962C	1	！	나의	이반！‖w나의훌륭한작전을	이반！␣w나의훌륭한작전을	イワン！	わがはいのすばらしい作戦を	space	after ！/？, next phrase
0x00A19678	0	는	네	는‖w네！	는␣w네！	は、	はい！	space	separate words; Korean spacing
0x00A1F790	3	라니	그럴	라니‖w그럴때가아니야！ww	라니␣w그럴때가아니야！ww	って、	それどころじゃないわ！	space	separate words; Korean spacing
0x00A1FAD8	1	！	뭔가	무！‖ww뭔가w	무！␣ww뭔가w	む！	　なにやら	space	after ！/？, next phrase
0x00A1FBA8	1	아니나	어쩔	취향은아니나‖w어쩔수없나。	취향은아니나␣w어쩔수없나。	好みではないが、	やむをえぬか。	space	separate words; Korean spacing
0x00A1FC4C	6	기지를	빼앗기고	미사일기지를‖w빼앗기고말거야！	미사일기지를␣w빼앗기고말거야！	ミサイル基地を	うばわれてしまう！	space	separate words; Korean spacing
0x00A1FD04	0	서	하지만	서‖w하지만・・・	서␣w하지만・・・	で、	でも・・・	space	separate words; Korean spacing
0x00A1FD90	3	보병	나	w보병‖w나w바주카병w에서사용가능	w보병w나w바주카병w에서사용가능	歩兵	か	join	particle/ending attaches to the previous word
0x00A1FD90	4	나	바주카병	w보병w나‖w바주카병w에서사용가능	w보병w나␣w바주카병w에서사용가능	か	バズーカ兵	space	separate words; Korean spacing
0x00A1FD90	5	바주카병	에서	w보병w나w바주카병‖w에서사용가능	w보병w나w바주카병w에서사용가능	バズーカ兵	で使用可能よ。	join	particle/ending attaches to the previous word
0x00A1FF50	0	자	쉴	자‖w쉴틈은없다。ww	자␣w쉴틈은없다。ww	さあ、	休んでいるヒマはないぞ。	space	separate words; Korean spacing
0x00A1FFF4	2	막아	적이	다리막아‖w적이들어오지못하도록	다리막아␣w적이들어오지못하도록	橋を塞いで、	敵が入ってこられないように	space	separate words; Korean spacing
0x00A1FFF4	3	하면	분명	하면‖w분명이겨	하면␣w분명이겨	すれば、	きっと勝てるわ！	space	separate words; Korean spacing
0x00A2014C	3	하면	분명	하면‖w분명이겨	하면␣w분명이겨	すれば、	きっと勝てるわ！	space	separate words; Korean spacing
0x00A20330	0	！	괜찮으냐	아스카！‖w괜찮으냐！？	아스카！␣w괜찮으냐！？	アスカ！	　無事か！？	space	after ！/？, next phrase
0x00A20358	0	？	피가	피！？‖w피가나고있지않은가！ww	피！？␣w피가나고있지않은가！ww	血！？	　血が出ておるではないか！	space	after ！/？, next phrase
0x00A203F8	2	몸에	혹시	네몸에‖w혹시일이생기면・・・	네몸에␣w혹시일이생기면・・・	お前の身に	もしものことがおきたら・・・	space	separate words; Korean spacing
0x00A20478	0	！	저도	정말！‖ww저도、w	정말！␣ww저도、w	もう！	　私だって、	space	after ！/？, next phrase
0x00A20500	0	！	기다려	！‖w기다려！ww	！␣w기다려！ww	！	　待って！	space	after ！/？, next phrase
0x00A20B4C	6	번	물러나도록	한번‖w물러나도록할까요。	한번␣w물러나도록할까요。	一度、	退くとしましょうか。	space	separate words; Korean spacing
0x00A20E30	3	보내	적	정찰차전선에보내‖w적위치를	정찰차전선에보내␣w적위치를	偵察車などを前線に出し、	敵の位置を	space	separate words; Korean spacing
0x00A20F64	1	전부	우리	전부‖w우리팩토리로	전부␣w우리팩토리로	すべて、	われわれのファクトリーへ	space	separate words; Korean spacing
0x00A21184	3	공군으로	어떻게든	내공군으로‖w어떻게든되겠지。	내공군으로␣w어떻게든되겠지。	わしの空軍で	なんとかなるじゃろう。	space	separate words; Korean spacing
0x00A212E0	6	넘으면	남은	체력이１０을넘으면‖w남은체력은	체력이１０을넘으면␣w남은체력은	ＨＰが１０をこえた場合、	あまったＨＰは	space	separate words; Korean spacing
0x00A213D0	2	그런	푼돈이	그런‖w푼돈이승패를좌우한다고？	그런␣w푼돈이승패를좌우한다고？	そんな、	はした金が勝敗を左右するとでも？	space	separate words; Korean spacing
0x00A215A0	0	！	해냈어	선생！‖w해냈어。ww	선생！␣w해냈어。ww	先生！	　やったわ。	space	after ！/？, next phrase
0x00A21C98	2	마을에서	조금	마을에서‖w조금멀어。ww괜찮아？	마을에서␣w조금멀어。ww괜찮아？	町から、	ちょっと遠い。	space	separate words; Korean spacing
0x00A21CD8	0	그래	그거면	그래‖w그거면됩니다。ww	그래␣w그거면됩니다。ww	ええ。	それでいいのです。	space	separate words; Korean spacing
0x00A21CD8	6	곤란해	크크크	빨리점령당하면곤란해‖ww크크크・・・	빨리점령당하면곤란해␣ww크크크・・・	早く町を占領されても困る。	ククク・・・	space	separate words; Korean spacing
0x00A21D84	0	？	아스카	왜막지？‖w아스카。	왜막지？␣w아스카。	なぜとめる？	　アスカ。	space	after ！/？, next phrase
0x00A22570	0	지금	북쪽	지금‖w북쪽산속에w블랙홀군의	지금␣w북쪽산속에w블랙홀군의	今、	北の山中に、	space	separate words; Korean spacing
0x00A22570	1	산속에	블랙홀군의	지금w북쪽산속에‖w블랙홀군의	지금w북쪽산속에␣w블랙홀군의	北の山中に、	ブラックホール軍の	space	separate words; Korean spacing
0x00A225F4	0	기다려	아빠	기다려‖w아빠。ww거기서는	기다려␣w아빠。ww거기서는	待って、	お父さん。	space	separate words; Korean spacing
0x00A229CC	0	하지만	아스카	하지만‖w아스카。	하지만␣w아스카。	しかしの、	アスカ。	space	separate words; Korean spacing
0x00A22A9C	1	간다	아스카	간다‖w아스카。ww	간다␣w아스카。ww	行くぞ、	アスカ。	space	separate words; Korean spacing
0x00A22D1C	0	글쎄	자	・・・글쎄‖w자w	・・・글쎄␣w자w	・・・	さあ	space	separate words; Korean spacing
0x00A22EB0	2	도착하면	당신의	도착하면‖w당신의승리야。	도착하면␣w당신의승리야。	たどりつけば、	あなたの勝ちよ。	space	separate words; Korean spacing
0x00A22FFC	4	전쟁은	당신의	전쟁은‖w당신의w	전쟁은␣w당신의w	戦争は、	あなたの	space	separate words; Korean spacing
0x00A23064	3	같잖아	사실은	너도같잖아‖w사실은	너도같잖아␣w사실은	あんただって、	ホントは	space	separate words; Korean spacing
0x00A23254	5	그래	그렇게	그래‖w그렇게되면안돼	그래␣w그렇게되면안돼	そう・・・	なってはいけないの。	space	separate words; Korean spacing
0x00A23310	5	살리려면	먼저정찰차나	내능력을살리려면‖w먼저정찰차나	내능력을살리려면␣w먼저정찰차나	私の能力を生かすためには、	まず偵察車や	space	separate words; Korean spacing
0x00A23484	0	흐음	한	흐음‖w한번더놀아줄거야？w	흐음␣w한번더놀아줄거야？w	へー、	もっかいあそんでくれるの？	space	separate words; Korean spacing
0x00A2350C	1	병력은	거의	저들의병력은‖w거의제로인듯해	저들의병력은␣w거의제로인듯해	連中の兵力は、	ゼロに近くなったらしい。	space	separate words; Korean spacing
0x00A237A4	0	！	스네이크잖아	！‖w스네이크잖아！ww	！␣w스네이크잖아！ww	！	　スネークじゃない！	space	after ！/？, next phrase
0x00A238AC	3	어차피	이미	하지만、w어차피‖w이미늦었습니다。ww	하지만、w어차피␣w이미늦었습니다。ww	どの道、	手おくれですよ。	space	separate words; Korean spacing
0x00A238AC	7	동시에	모든	동시에‖w모든공격을막는	동시에␣w모든공격을막는	同時に、	あらゆる攻撃をよせつけない	space	separate words; Korean spacing
0x00A238AC	9	내가	본부	내가‖w본부점령전까지	내가␣w본부점령전까지	私が、	本部を占領するまで	space	separate words; Korean spacing
0x00A238AC	10	있어라	킥킥	거기서보고만있어라‖ww킥킥	거기서보고만있어라␣ww킥킥	そこで指をくわえて見てなさい。	クックッ	space	separate words; Korean spacing
0x00A23A18	4	걸	그래서	내가승자되는걸‖w그래서	내가승자되는걸␣w그래서	私が勝者となるのを、	そこで	space	separate words; Korean spacing
0x00A23AD0	0	！	들어	선생！‖ww들어봐。	선생！␣ww들어봐。	先生！	　聞いて。	space	after ！/？, next phrase
0x00A23AD0	4	이음새	집중	근데、w파이프이음새‖w집중공격으로	근데、w파이프이음새␣w집중공격으로	パイプのつぎ目	なら、集中攻撃で	space	separate words; Korean spacing
0x00A23FD0	0	호오	설마	호오‖w설마다시저와싸우실생각이세요？w	호오␣w설마다시저와싸우실생각이세요？w	ほう、	まさかもう一度私と戦うおつもりですか？	space	separate words; Korean spacing
0x00A23FD0	2	지금	패배한	지금‖w패배한지얼마안됐는데？	지금␣w패배한지얼마안됐는데？	今、	敗北したばかりだというのに？	space	separate words; Korean spacing
0x00A245F4	1	！	이걸	응！‖w이걸이용하면w	응！␣w이걸이용하면w	うん！	　これを利用すれば	space	after ！/？, next phrase
0x00A24958	3	아니라	공중	육지뿐아니라‖w공중방어도	육지뿐아니라␣w공중방어도	できれば陸だけでなく、	空からの守りも	space	separate words; Korean spacing
0x00A24C04	2	？	스네이크	그의미는알겠지？‖ww스네이크	그의미는알겠지？␣ww스네이크	その意味はわかるな？	　スネーク	space	after ！/？, next phrase
0x00A24C48	1	지금	여기서	이、w지금‖w여기서이기면・・・w	이、w지금␣w여기서이기면・・・w	今、	ここで勝てば・・・	space	separate words; Korean spacing
0x00A24C48	3	이기면	문제없어	이싸움이기면‖w문제없어！	이싸움이기면␣w문제없어！	この戦いに勝てば、	問題はない！	space	separate words; Korean spacing
0x00A24CB0	1	이기면	적을	이전투이기면‖w적을몰아내	이전투이기면␣w적을몰아내	この戦いに勝てば、	敵を追い出せるわ。	space	separate words; Korean spacing
0x00A25128	0	자	우리	자‖w우리차례네。ww	자␣w우리차례네。ww	さあ、	私達の番ね。	space	separate words; Korean spacing
0x00A25128	3	！	출격이야	모두！‖w출격이야	모두！␣w출격이야	みんな！	出撃よ！	space	after ！/？, next phrase
0x00A25154	0	！	우리	가라！‖w우리블루문군의힘을	가라！␣w우리블루문군의힘을	ゆけ！	わがブルームーン軍の力を	space	after ！/？, next phrase
0x00A25188	1	서	날씨	서‖w날씨탓입니다！ww	서␣w날씨탓입니다！ww	て、	天気のせいです！	space	separate words; Korean spacing
0x00A251E8	2	！	선생	아버지！‖w선생！	아버지！␣w선생！	お父さん！	　先生！	space	after ！/？, next phrase
0x00A25408	1	특히	호크라	특히‖w호크라불리는	특히␣w호크라불리는	特に　	ホークと呼ばれる	space	separate words; Korean spacing
0x00A258AC	4	막고	내게	육지서적을막고‖w내게맡겨줘	육지서적을막고␣w내게맡겨줘	陸で敵を食い止め、	その間に空港を	space	separate words; Korean spacing
